========== STEP 1: Inspect source checkpoint ==========
Checkpoint: /home/shahid-ahamed.hasib/Downloads/LiteEnhanceNet-main/experiments/phys_curve_prog5/checkpoints/global_best.pt
Keys: ['model', 'opt', 'stage_idx', 'epoch_in_stage', 'best_val']
stage_idx: 2
epoch_in_stage: 91
best_val: 0.07129339904834826
num model tensors: 38

========== STEP 2: Write Stage-3-only config ==========
Wrote config to: /home/shahid-ahamed.hasib/Downloads/LiteEnhanceNet-main/experiments/phys_curve_prog5_stage3_continue/config_stage3_continue.yaml

========== STEP 3: Create patched latest.pt for new run ==========
Saved: /home/shahid-ahamed.hasib/Downloads/LiteEnhanceNet-main/experiments/phys_curve_prog5_stage3_continue/checkpoints/latest.pt
Patched values:
  stage_idx = 0
  epoch_in_stage = -1
  best_val = inf

========== STEP 4: Run training ==========
PWD: /home/shahid-ahamed.hasib/Downloads/LiteEnhanceNet-main/experiments/phys_curve_prog5_stage3_continue
Using train script: /home/shahid-ahamed.hasib/Downloads/LiteEnhanceNet-main/experiments/phys_curve_prog5/src/train_progressive.py
Using config: /home/shahid-ahamed.hasib/Downloads/LiteEnhanceNet-main/experiments/phys_curve_prog5_stage3_continue/config_stage3_continue.yaml
/home/shahid-ahamed.hasib/Downloads/LiteEnhanceNet-main/experiments/phys_curve_prog5/src/train_progressive.py:171: FutureWarning: `torch.cuda.amp.GradScaler(args...)` is deprecated. Please use `torch.amp.GradScaler('cuda', args...)` instead.
  scaler = torch.cuda.amp.GradScaler(enabled=bool(cfg["train"]["amp"]) and device.type == "cuda")
Using device: cuda
Loading pretrained model LPIPS from /home/shahid-ahamed.hasib/.cache/torch/hub/pyiqa/LPIPS_v0.1_alex-df73285e.pth
Resuming from stage 1, epoch 0

========== STAGE 1/1 | crop=384 | batch=8 | lr=0.0002 ==========

/home/shahid-ahamed.hasib/Downloads/LiteEnhanceNet-main/experiments/phys_curve_prog5/src/train_progressive.py:224: FutureWarning: `torch.cuda.amp.autocast(args...)` is deprecated. Please use `torch.amp.autocast('cuda', args...)` instead.
  with torch.cuda.amp.autocast(enabled=scaler.is_enabled()):
[stage 1 | epoch 0 | step 25] loss=0.230188
[stage 1 | epoch 0 | step 50] loss=0.239851
[stage 1 | epoch 0 | step 75] loss=0.229049
[stage 1 | epoch 0 | step 100] loss=0.229942
Stage 1 Epoch 0 | L1=0.073593  PSNR↑=21.3876  SSIM↑=0.8979  MS-SSIM↑=0.9300  LPIPS↓=0.1530  time=47.6s
  ✅ saved stage best: stage_01_best.pt
  ✅ saved global_best.pt
/home/shahid-ahamed.hasib/venvs/uie_gpu/lib64/python3.9/site-packages/numpy/_core/_methods.py:164: RuntimeWarning: overflow encountered in reduce
  arrmean = umr_sum(arr, axis, dtype, keepdims=True, where=where)
[FULL EVAL] stage=1 epoch=0 | PSNR↑=21.3876  SSIM↑=0.8979  MS-SSIM↑=0.9300  LPIPS↓=0.1530  NIQE↓=3.7491  UIQM↑=306.8238  UCIQE↑=inf
[stage 1 | epoch 1 | step 25] loss=0.221463
[stage 1 | epoch 1 | step 50] loss=0.226759
[stage 1 | epoch 1 | step 75] loss=0.228760
[stage 1 | epoch 1 | step 100] loss=0.227315
Stage 1 Epoch 1 | L1=0.074953  PSNR↑=21.3231  SSIM↑=0.8974  MS-SSIM↑=0.9292  LPIPS↓=0.1531  time=23.4s
[stage 1 | epoch 2 | step 25] loss=0.241281
[stage 1 | epoch 2 | step 50] loss=0.230930
[stage 1 | epoch 2 | step 75] loss=0.228370
[stage 1 | epoch 2 | step 100] loss=0.231126
Stage 1 Epoch 2 | L1=0.072281  PSNR↑=21.5697  SSIM↑=0.9007  MS-SSIM↑=0.9302  LPIPS↓=0.1505  time=24.0s
  ✅ saved stage best: stage_01_best.pt
  ✅ saved global_best.pt
[stage 1 | epoch 3 | step 25] loss=0.226515
[stage 1 | epoch 3 | step 50] loss=0.229455
[stage 1 | epoch 3 | step 75] loss=0.228479
[stage 1 | epoch 3 | step 100] loss=0.231380
Stage 1 Epoch 3 | L1=0.073274  PSNR↑=21.4481  SSIM↑=0.8985  MS-SSIM↑=0.9286  LPIPS↓=0.1527  time=24.0s
[stage 1 | epoch 4 | step 25] loss=0.207627
[stage 1 | epoch 4 | step 50] loss=0.220986
[stage 1 | epoch 4 | step 75] loss=0.224300
[stage 1 | epoch 4 | step 100] loss=0.222442
Stage 1 Epoch 4 | L1=0.074878  PSNR↑=21.3306  SSIM↑=0.8982  MS-SSIM↑=0.9279  LPIPS↓=0.1530  time=24.0s
[stage 1 | epoch 5 | step 25] loss=0.233123
[stage 1 | epoch 5 | step 50] loss=0.225105
[stage 1 | epoch 5 | step 75] loss=0.224629
[stage 1 | epoch 5 | step 100] loss=0.226264
Stage 1 Epoch 5 | L1=0.073900  PSNR↑=21.3544  SSIM↑=0.8988  MS-SSIM↑=0.9298  LPIPS↓=0.1544  time=23.7s
[stage 1 | epoch 6 | step 25] loss=0.243778
[stage 1 | epoch 6 | step 50] loss=0.242093
[stage 1 | epoch 6 | step 75] loss=0.235264
[stage 1 | epoch 6 | step 100] loss=0.235384
Stage 1 Epoch 6 | L1=0.071770  PSNR↑=21.6866  SSIM↑=0.9021  MS-SSIM↑=0.9318  LPIPS↓=0.1484  time=24.1s
  ✅ saved stage best: stage_01_best.pt
  ✅ saved global_best.pt
[stage 1 | epoch 7 | step 25] loss=0.241667
[stage 1 | epoch 7 | step 50] loss=0.241031
[stage 1 | epoch 7 | step 75] loss=0.236620
[stage 1 | epoch 7 | step 100] loss=0.234984
Stage 1 Epoch 7 | L1=0.072791  PSNR↑=21.5398  SSIM↑=0.8996  MS-SSIM↑=0.9300  LPIPS↓=0.1503  time=23.6s
[stage 1 | epoch 8 | step 25] loss=0.244022
[stage 1 | epoch 8 | step 50] loss=0.225919
[stage 1 | epoch 8 | step 75] loss=0.225790
[stage 1 | epoch 8 | step 100] loss=0.225898
Stage 1 Epoch 8 | L1=0.073972  PSNR↑=21.4759  SSIM↑=0.8992  MS-SSIM↑=0.9302  LPIPS↓=0.1497  time=23.7s
[stage 1 | epoch 9 | step 25] loss=0.227588
[stage 1 | epoch 9 | step 50] loss=0.229460
[stage 1 | epoch 9 | step 75] loss=0.231296
[stage 1 | epoch 9 | step 100] loss=0.224824
Stage 1 Epoch 9 | L1=0.073897  PSNR↑=21.4316  SSIM↑=0.8982  MS-SSIM↑=0.9293  LPIPS↓=0.1517  time=23.6s
[stage 1 | epoch 10 | step 25] loss=0.231098
[stage 1 | epoch 10 | step 50] loss=0.231223
[stage 1 | epoch 10 | step 75] loss=0.224672
[stage 1 | epoch 10 | step 100] loss=0.226723
Stage 1 Epoch 10 | L1=0.072582  PSNR↑=21.5663  SSIM↑=0.9001  MS-SSIM↑=0.9309  LPIPS↓=0.1496  time=23.5s
[stage 1 | epoch 11 | step 25] loss=0.226467
[stage 1 | epoch 11 | step 50] loss=0.224136
[stage 1 | epoch 11 | step 75] loss=0.222623
[stage 1 | epoch 11 | step 100] loss=0.224214
Stage 1 Epoch 11 | L1=0.072418  PSNR↑=21.5158  SSIM↑=0.9001  MS-SSIM↑=0.9315  LPIPS↓=0.1537  time=23.8s
[stage 1 | epoch 12 | step 25] loss=0.208682
[stage 1 | epoch 12 | step 50] loss=0.218982
[stage 1 | epoch 12 | step 75] loss=0.225111
[stage 1 | epoch 12 | step 100] loss=0.228447
Stage 1 Epoch 12 | L1=0.072776  PSNR↑=21.6091  SSIM↑=0.8993  MS-SSIM↑=0.9314  LPIPS↓=0.1490  time=23.7s
[stage 1 | epoch 13 | step 25] loss=0.224777
[stage 1 | epoch 13 | step 50] loss=0.221696
[stage 1 | epoch 13 | step 75] loss=0.226752
[stage 1 | epoch 13 | step 100] loss=0.223450
Stage 1 Epoch 13 | L1=0.073784  PSNR↑=21.5725  SSIM↑=0.8984  MS-SSIM↑=0.9319  LPIPS↓=0.1498  time=23.3s
[stage 1 | epoch 14 | step 25] loss=0.240275
[stage 1 | epoch 14 | step 50] loss=0.242742
[stage 1 | epoch 14 | step 75] loss=0.237351
[stage 1 | epoch 14 | step 100] loss=0.236168
Stage 1 Epoch 14 | L1=0.075041  PSNR↑=21.2932  SSIM↑=0.8967  MS-SSIM↑=0.9288  LPIPS↓=0.1521  time=23.9s
[stage 1 | epoch 15 | step 25] loss=0.234325
[stage 1 | epoch 15 | step 50] loss=0.232310
[stage 1 | epoch 15 | step 75] loss=0.233231
[stage 1 | epoch 15 | step 100] loss=0.233683
Stage 1 Epoch 15 | L1=0.073566  PSNR↑=21.4909  SSIM↑=0.8986  MS-SSIM↑=0.9291  LPIPS↓=0.1516  time=24.5s
[stage 1 | epoch 16 | step 25] loss=0.222136
[stage 1 | epoch 16 | step 50] loss=0.222805
[stage 1 | epoch 16 | step 75] loss=0.222276
[stage 1 | epoch 16 | step 100] loss=0.226261
Stage 1 Epoch 16 | L1=0.073332  PSNR↑=21.4530  SSIM↑=0.8989  MS-SSIM↑=0.9291  LPIPS↓=0.1530  time=29.1s
[stage 1 | epoch 17 | step 25] loss=0.231109
[stage 1 | epoch 17 | step 50] loss=0.224965
[stage 1 | epoch 17 | step 75] loss=0.226908
[stage 1 | epoch 17 | step 100] loss=0.225347
Stage 1 Epoch 17 | L1=0.073055  PSNR↑=21.5362  SSIM↑=0.9003  MS-SSIM↑=0.9321  LPIPS↓=0.1510  time=35.2s
[stage 1 | epoch 18 | step 25] loss=0.219669
[stage 1 | epoch 18 | step 50] loss=0.230043
[stage 1 | epoch 18 | step 75] loss=0.233447
[stage 1 | epoch 18 | step 100] loss=0.229490
Stage 1 Epoch 18 | L1=0.071770  PSNR↑=21.6725  SSIM↑=0.9017  MS-SSIM↑=0.9337  LPIPS↓=0.1491  time=41.9s
[stage 1 | epoch 19 | step 25] loss=0.234639
[stage 1 | epoch 19 | step 50] loss=0.232709
[stage 1 | epoch 19 | step 75] loss=0.229162
[stage 1 | epoch 19 | step 100] loss=0.232701
Stage 1 Epoch 19 | L1=0.072174  PSNR↑=21.5914  SSIM↑=0.8986  MS-SSIM↑=0.9302  LPIPS↓=0.1502  time=23.8s
[stage 1 | epoch 20 | step 25] loss=0.249851
[stage 1 | epoch 20 | step 50] loss=0.229523
[stage 1 | epoch 20 | step 75] loss=0.229968
[stage 1 | epoch 20 | step 100] loss=0.234615
Stage 1 Epoch 20 | L1=0.076544  PSNR↑=21.1911  SSIM↑=0.8933  MS-SSIM↑=0.9239  LPIPS↓=0.1544  time=42.5s
[FULL EVAL] stage=1 epoch=20 | PSNR↑=21.1911  SSIM↑=0.8933  MS-SSIM↑=0.9239  LPIPS↓=0.1544  NIQE↓=3.7566  UIQM↑=296.2905  UCIQE↑=inf
[stage 1 | epoch 21 | step 25] loss=0.236213
[stage 1 | epoch 21 | step 50] loss=0.226249
[stage 1 | epoch 21 | step 75] loss=0.222464
[stage 1 | epoch 21 | step 100] loss=0.221326
Stage 1 Epoch 21 | L1=0.072971  PSNR↑=21.5687  SSIM↑=0.9003  MS-SSIM↑=0.9303  LPIPS↓=0.1507  time=29.0s
[stage 1 | epoch 22 | step 25] loss=0.216919
[stage 1 | epoch 22 | step 50] loss=0.227124
[stage 1 | epoch 22 | step 75] loss=0.231610
[stage 1 | epoch 22 | step 100] loss=0.230490
Stage 1 Epoch 22 | L1=0.074142  PSNR↑=21.4233  SSIM↑=0.8973  MS-SSIM↑=0.9291  LPIPS↓=0.1506  time=39.3s
[stage 1 | epoch 23 | step 25] loss=0.230768
[stage 1 | epoch 23 | step 50] loss=0.240260
[stage 1 | epoch 23 | step 75] loss=0.236993
[stage 1 | epoch 23 | step 100] loss=0.238824
Stage 1 Epoch 23 | L1=0.077122  PSNR↑=21.0134  SSIM↑=0.8907  MS-SSIM↑=0.9239  LPIPS↓=0.1559  time=30.8s
[stage 1 | epoch 24 | step 25] loss=0.237876
[stage 1 | epoch 24 | step 50] loss=0.230097
[stage 1 | epoch 24 | step 75] loss=0.229516
[stage 1 | epoch 24 | step 100] loss=0.231230
Stage 1 Epoch 24 | L1=0.074676  PSNR↑=21.2935  SSIM↑=0.8940  MS-SSIM↑=0.9250  LPIPS↓=0.1536  time=29.0s
[stage 1 | epoch 25 | step 25] loss=0.217876
[stage 1 | epoch 25 | step 50] loss=0.222330
[stage 1 | epoch 25 | step 75] loss=0.221711
[stage 1 | epoch 25 | step 100] loss=0.222456
Stage 1 Epoch 25 | L1=0.076292  PSNR↑=21.2384  SSIM↑=0.8935  MS-SSIM↑=0.9260  LPIPS↓=0.1520  time=23.8s
[stage 1 | epoch 26 | step 25] loss=0.247578
[stage 1 | epoch 26 | step 50] loss=0.238740
[stage 1 | epoch 26 | step 75] loss=0.242538
[stage 1 | epoch 26 | step 100] loss=0.236269
Stage 1 Epoch 26 | L1=0.075775  PSNR↑=21.2033  SSIM↑=0.8936  MS-SSIM↑=0.9243  LPIPS↓=0.1539  time=25.2s
[stage 1 | epoch 27 | step 25] loss=0.222886
[stage 1 | epoch 27 | step 50] loss=0.223099
[stage 1 | epoch 27 | step 75] loss=0.219286
[stage 1 | epoch 27 | step 100] loss=0.226856
Stage 1 Epoch 27 | L1=0.076050  PSNR↑=21.1906  SSIM↑=0.8923  MS-SSIM↑=0.9257  LPIPS↓=0.1548  time=28.8s
[stage 1 | epoch 28 | step 25] loss=0.250291
[stage 1 | epoch 28 | step 50] loss=0.244042
[stage 1 | epoch 28 | step 75] loss=0.237319
[stage 1 | epoch 28 | step 100] loss=0.233370
Stage 1 Epoch 28 | L1=0.076103  PSNR↑=21.1416  SSIM↑=0.8944  MS-SSIM↑=0.9272  LPIPS↓=0.1559  time=28.4s
[stage 1 | epoch 29 | step 25] loss=0.228063
[stage 1 | epoch 29 | step 50] loss=0.226088
[stage 1 | epoch 29 | step 75] loss=0.224573
[stage 1 | epoch 29 | step 100] loss=0.225617
Stage 1 Epoch 29 | L1=0.075281  PSNR↑=21.3391  SSIM↑=0.8954  MS-SSIM↑=0.9273  LPIPS↓=0.1505  time=32.7s
[stage 1 | epoch 30 | step 25] loss=0.210710
[stage 1 | epoch 30 | step 50] loss=0.228411
[stage 1 | epoch 30 | step 75] loss=0.225812
[stage 1 | epoch 30 | step 100] loss=0.232251
Stage 1 Epoch 30 | L1=0.076310  PSNR↑=21.1018  SSIM↑=0.8939  MS-SSIM↑=0.9264  LPIPS↓=0.1571  time=28.8s
[stage 1 | epoch 31 | step 25] loss=0.206083
[stage 1 | epoch 31 | step 50] loss=0.214801
[stage 1 | epoch 31 | step 75] loss=0.213599
[stage 1 | epoch 31 | step 100] loss=0.217602
Stage 1 Epoch 31 | L1=0.074641  PSNR↑=21.3801  SSIM↑=0.8976  MS-SSIM↑=0.9289  LPIPS↓=0.1513  time=23.6s
[stage 1 | epoch 32 | step 25] loss=0.243013
[stage 1 | epoch 32 | step 50] loss=0.228885
[stage 1 | epoch 32 | step 75] loss=0.221734
[stage 1 | epoch 32 | step 100] loss=0.221088
Stage 1 Epoch 32 | L1=0.073179  PSNR↑=21.6141  SSIM↑=0.8996  MS-SSIM↑=0.9320  LPIPS↓=0.1490  time=23.6s
[stage 1 | epoch 33 | step 25] loss=0.236997
[stage 1 | epoch 33 | step 50] loss=0.234464
[stage 1 | epoch 33 | step 75] loss=0.232959
[stage 1 | epoch 33 | step 100] loss=0.230856
Stage 1 Epoch 33 | L1=0.073838  PSNR↑=21.5124  SSIM↑=0.8987  MS-SSIM↑=0.9296  LPIPS↓=0.1514  time=23.8s
[stage 1 | epoch 34 | step 25] loss=0.230927
[stage 1 | epoch 34 | step 50] loss=0.227859
[stage 1 | epoch 34 | step 75] loss=0.229358
[stage 1 | epoch 34 | step 100] loss=0.227546
Stage 1 Epoch 34 | L1=0.073959  PSNR↑=21.3880  SSIM↑=0.8996  MS-SSIM↑=0.9302  LPIPS↓=0.1498  time=23.4s
[stage 1 | epoch 35 | step 25] loss=0.215235
[stage 1 | epoch 35 | step 50] loss=0.216738
[stage 1 | epoch 35 | step 75] loss=0.220336
[stage 1 | epoch 35 | step 100] loss=0.224784
Stage 1 Epoch 35 | L1=0.072819  PSNR↑=21.6148  SSIM↑=0.9004  MS-SSIM↑=0.9321  LPIPS↓=0.1493  time=23.7s
[stage 1 | epoch 36 | step 25] loss=0.222864
[stage 1 | epoch 36 | step 50] loss=0.223887
[stage 1 | epoch 36 | step 75] loss=0.226982
[stage 1 | epoch 36 | step 100] loss=0.222505
Stage 1 Epoch 36 | L1=0.073629  PSNR↑=21.4862  SSIM↑=0.8988  MS-SSIM↑=0.9299  LPIPS↓=0.1515  time=23.9s
[stage 1 | epoch 37 | step 25] loss=0.220098
[stage 1 | epoch 37 | step 50] loss=0.214655
[stage 1 | epoch 37 | step 75] loss=0.216288
[stage 1 | epoch 37 | step 100] loss=0.216906
Stage 1 Epoch 37 | L1=0.072631  PSNR↑=21.6869  SSIM↑=0.9021  MS-SSIM↑=0.9331  LPIPS↓=0.1466  time=23.3s
[stage 1 | epoch 38 | step 25] loss=0.227744
[stage 1 | epoch 38 | step 50] loss=0.225280
[stage 1 | epoch 38 | step 75] loss=0.222213
[stage 1 | epoch 38 | step 100] loss=0.223863
Stage 1 Epoch 38 | L1=0.074548  PSNR↑=21.3632  SSIM↑=0.8977  MS-SSIM↑=0.9274  LPIPS↓=0.1515  time=23.7s
[stage 1 | epoch 39 | step 25] loss=0.210882
[stage 1 | epoch 39 | step 50] loss=0.213732
[stage 1 | epoch 39 | step 75] loss=0.217187
[stage 1 | epoch 39 | step 100] loss=0.218846
Stage 1 Epoch 39 | L1=0.073153  PSNR↑=21.4794  SSIM↑=0.9027  MS-SSIM↑=0.9314  LPIPS↓=0.1518  time=23.9s
[stage 1 | epoch 40 | step 25] loss=0.230070
[stage 1 | epoch 40 | step 50] loss=0.224865
[stage 1 | epoch 40 | step 75] loss=0.229323
[stage 1 | epoch 40 | step 100] loss=0.231968
Stage 1 Epoch 40 | L1=0.072011  PSNR↑=21.6632  SSIM↑=0.9012  MS-SSIM↑=0.9318  LPIPS↓=0.1490  time=23.8s
[FULL EVAL] stage=1 epoch=40 | PSNR↑=21.6632  SSIM↑=0.9012  MS-SSIM↑=0.9318  LPIPS↓=0.1490  NIQE↓=3.7549  UIQM↑=312.3446  UCIQE↑=inf
[stage 1 | epoch 41 | step 25] loss=0.226527
[stage 1 | epoch 41 | step 50] loss=0.222981
[stage 1 | epoch 41 | step 75] loss=0.227363
[stage 1 | epoch 41 | step 100] loss=0.225270
Stage 1 Epoch 41 | L1=0.073010  PSNR↑=21.5614  SSIM↑=0.8999  MS-SSIM↑=0.9303  LPIPS↓=0.1495  time=23.6s
[stage 1 | epoch 42 | step 25] loss=0.224876
[stage 1 | epoch 42 | step 50] loss=0.230206
[stage 1 | epoch 42 | step 75] loss=0.227202
[stage 1 | epoch 42 | step 100] loss=0.225930
Stage 1 Epoch 42 | L1=0.072506  PSNR↑=21.7120  SSIM↑=0.9018  MS-SSIM↑=0.9333  LPIPS↓=0.1484  time=26.0s
[stage 1 | epoch 43 | step 25] loss=0.254360
[stage 1 | epoch 43 | step 50] loss=0.243838
[stage 1 | epoch 43 | step 75] loss=0.238097
[stage 1 | epoch 43 | step 100] loss=0.235511
Stage 1 Epoch 43 | L1=0.073893  PSNR↑=21.4620  SSIM↑=0.8979  MS-SSIM↑=0.9320  LPIPS↓=0.1500  time=28.5s
[stage 1 | epoch 44 | step 25] loss=0.237113
[stage 1 | epoch 44 | step 50] loss=0.235250
[stage 1 | epoch 44 | step 75] loss=0.229518
[stage 1 | epoch 44 | step 100] loss=0.230890
Stage 1 Epoch 44 | L1=0.073730  PSNR↑=21.4903  SSIM↑=0.9020  MS-SSIM↑=0.9305  LPIPS↓=0.1487  time=23.3s
[stage 1 | epoch 45 | step 25] loss=0.206964
[stage 1 | epoch 45 | step 50] loss=0.217077
[stage 1 | epoch 45 | step 75] loss=0.219081
[stage 1 | epoch 45 | step 100] loss=0.218532
Stage 1 Epoch 45 | L1=0.074064  PSNR↑=21.4486  SSIM↑=0.9005  MS-SSIM↑=0.9309  LPIPS↓=0.1498  time=23.7s
[stage 1 | epoch 46 | step 25] loss=0.231754
[stage 1 | epoch 46 | step 50] loss=0.231821
[stage 1 | epoch 46 | step 75] loss=0.230956
[stage 1 | epoch 46 | step 100] loss=0.227548
Stage 1 Epoch 46 | L1=0.073871  PSNR↑=21.5031  SSIM↑=0.8975  MS-SSIM↑=0.9301  LPIPS↓=0.1499  time=23.2s
[stage 1 | epoch 47 | step 25] loss=0.232052
[stage 1 | epoch 47 | step 50] loss=0.227686
[stage 1 | epoch 47 | step 75] loss=0.227879
[stage 1 | epoch 47 | step 100] loss=0.225569
Stage 1 Epoch 47 | L1=0.072171  PSNR↑=21.6551  SSIM↑=0.9020  MS-SSIM↑=0.9328  LPIPS↓=0.1482  time=23.6s
[stage 1 | epoch 48 | step 25] loss=0.231296
[stage 1 | epoch 48 | step 50] loss=0.219954
[stage 1 | epoch 48 | step 75] loss=0.222867
[stage 1 | epoch 48 | step 100] loss=0.223806
Stage 1 Epoch 48 | L1=0.072123  PSNR↑=21.6185  SSIM↑=0.9009  MS-SSIM↑=0.9324  LPIPS↓=0.1512  time=28.1s
[stage 1 | epoch 49 | step 25] loss=0.222479
[stage 1 | epoch 49 | step 50] loss=0.221040
[stage 1 | epoch 49 | step 75] loss=0.223776
[stage 1 | epoch 49 | step 100] loss=0.226340
Stage 1 Epoch 49 | L1=0.072120  PSNR↑=21.7480  SSIM↑=0.9039  MS-SSIM↑=0.9342  LPIPS↓=0.1483  time=23.7s
[stage 1 | epoch 50 | step 25] loss=0.231531
[stage 1 | epoch 50 | step 50] loss=0.231065
[stage 1 | epoch 50 | step 75] loss=0.231335
[stage 1 | epoch 50 | step 100] loss=0.233193
Stage 1 Epoch 50 | L1=0.073197  PSNR↑=21.4904  SSIM↑=0.8991  MS-SSIM↑=0.9314  LPIPS↓=0.1507  time=46.3s
[stage 1 | epoch 51 | step 25] loss=0.231246
[stage 1 | epoch 51 | step 50] loss=0.229264
[stage 1 | epoch 51 | step 75] loss=0.225497
[stage 1 | epoch 51 | step 100] loss=0.227726
Stage 1 Epoch 51 | L1=0.074520  PSNR↑=21.3395  SSIM↑=0.8953  MS-SSIM↑=0.9267  LPIPS↓=0.1523  time=23.3s
[stage 1 | epoch 52 | step 25] loss=0.233639
[stage 1 | epoch 52 | step 50] loss=0.228464
[stage 1 | epoch 52 | step 75] loss=0.228979
[stage 1 | epoch 52 | step 100] loss=0.225841
Stage 1 Epoch 52 | L1=0.072960  PSNR↑=21.4703  SSIM↑=0.9000  MS-SSIM↑=0.9308  LPIPS↓=0.1529  time=23.7s
[stage 1 | epoch 53 | step 25] loss=0.233132
[stage 1 | epoch 53 | step 50] loss=0.232412
[stage 1 | epoch 53 | step 75] loss=0.224627
[stage 1 | epoch 53 | step 100] loss=0.225571
Stage 1 Epoch 53 | L1=0.071996  PSNR↑=21.7052  SSIM↑=0.9053  MS-SSIM↑=0.9337  LPIPS↓=0.1496  time=23.7s
[stage 1 | epoch 54 | step 25] loss=0.215350
[stage 1 | epoch 54 | step 50] loss=0.230988
[stage 1 | epoch 54 | step 75] loss=0.226232
[stage 1 | epoch 54 | step 100] loss=0.223688
Stage 1 Epoch 54 | L1=0.075884  PSNR↑=21.2918  SSIM↑=0.8962  MS-SSIM↑=0.9276  LPIPS↓=0.1522  time=23.5s
[stage 1 | epoch 55 | step 25] loss=0.205657
[stage 1 | epoch 55 | step 50] loss=0.225912
[stage 1 | epoch 55 | step 75] loss=0.226428
[stage 1 | epoch 55 | step 100] loss=0.227530
Stage 1 Epoch 55 | L1=0.072883  PSNR↑=21.5898  SSIM↑=0.9012  MS-SSIM↑=0.9340  LPIPS↓=0.1485  time=23.4s
[stage 1 | epoch 56 | step 25] loss=0.215359
[stage 1 | epoch 56 | step 50] loss=0.222779
[stage 1 | epoch 56 | step 75] loss=0.220292
[stage 1 | epoch 56 | step 100] loss=0.223810
Stage 1 Epoch 56 | L1=0.073827  PSNR↑=21.5134  SSIM↑=0.9019  MS-SSIM↑=0.9320  LPIPS↓=0.1497  time=23.2s
[stage 1 | epoch 57 | step 25] loss=0.223331
[stage 1 | epoch 57 | step 50] loss=0.226017
[stage 1 | epoch 57 | step 75] loss=0.217589
[stage 1 | epoch 57 | step 100] loss=0.224567
Stage 1 Epoch 57 | L1=0.073714  PSNR↑=21.4572  SSIM↑=0.8998  MS-SSIM↑=0.9312  LPIPS↓=0.1513  time=23.9s
[stage 1 | epoch 58 | step 25] loss=0.232759
[stage 1 | epoch 58 | step 50] loss=0.231527
[stage 1 | epoch 58 | step 75] loss=0.230662
[stage 1 | epoch 58 | step 100] loss=0.231090
Stage 1 Epoch 58 | L1=0.072357  PSNR↑=21.6479  SSIM↑=0.9040  MS-SSIM↑=0.9334  LPIPS↓=0.1474  time=23.8s
[stage 1 | epoch 59 | step 25] loss=0.220762
[stage 1 | epoch 59 | step 50] loss=0.228020
[stage 1 | epoch 59 | step 75] loss=0.227405
[stage 1 | epoch 59 | step 100] loss=0.229577
Stage 1 Epoch 59 | L1=0.071787  PSNR↑=21.7201  SSIM↑=0.9039  MS-SSIM↑=0.9326  LPIPS↓=0.1473  time=23.5s
[stage 1 | epoch 60 | step 25] loss=0.226133
[stage 1 | epoch 60 | step 50] loss=0.222886
[stage 1 | epoch 60 | step 75] loss=0.229052
[stage 1 | epoch 60 | step 100] loss=0.226322
Stage 1 Epoch 60 | L1=0.073719  PSNR↑=21.4064  SSIM↑=0.8989  MS-SSIM↑=0.9305  LPIPS↓=0.1511  time=23.5s
[FULL EVAL] stage=1 epoch=60 | PSNR↑=21.4064  SSIM↑=0.8989  MS-SSIM↑=0.9305  LPIPS↓=0.1511  NIQE↓=3.7409  UIQM↑=309.0859  UCIQE↑=inf
[stage 1 | epoch 61 | step 25] loss=0.235414
[stage 1 | epoch 61 | step 50] loss=0.232379
[stage 1 | epoch 61 | step 75] loss=0.238583
[stage 1 | epoch 61 | step 100] loss=0.234400
Stage 1 Epoch 61 | L1=0.074072  PSNR↑=21.2998  SSIM↑=0.8964  MS-SSIM↑=0.9291  LPIPS↓=0.1541  time=23.5s
[stage 1 | epoch 62 | step 25] loss=0.220924
[stage 1 | epoch 62 | step 50] loss=0.223373
[stage 1 | epoch 62 | step 75] loss=0.222792
[stage 1 | epoch 62 | step 100] loss=0.223731
Stage 1 Epoch 62 | L1=0.073899  PSNR↑=21.3722  SSIM↑=0.8984  MS-SSIM↑=0.9296  LPIPS↓=0.1509  time=23.4s
[stage 1 | epoch 63 | step 25] loss=0.232239
[stage 1 | epoch 63 | step 50] loss=0.230964
[stage 1 | epoch 63 | step 75] loss=0.227225
[stage 1 | epoch 63 | step 100] loss=0.228370
Stage 1 Epoch 63 | L1=0.073882  PSNR↑=21.4673  SSIM↑=0.8973  MS-SSIM↑=0.9273  LPIPS↓=0.1518  time=23.8s
[stage 1 | epoch 64 | step 25] loss=0.234106
[stage 1 | epoch 64 | step 50] loss=0.230608
[stage 1 | epoch 64 | step 75] loss=0.226345
[stage 1 | epoch 64 | step 100] loss=0.223571
Stage 1 Epoch 64 | L1=0.073234  PSNR↑=21.5386  SSIM↑=0.9006  MS-SSIM↑=0.9313  LPIPS↓=0.1506  time=24.3s
[stage 1 | epoch 65 | step 25] loss=0.225086
[stage 1 | epoch 65 | step 50] loss=0.228880
[stage 1 | epoch 65 | step 75] loss=0.228077
[stage 1 | epoch 65 | step 100] loss=0.228587
Stage 1 Epoch 65 | L1=0.072639  PSNR↑=21.5048  SSIM↑=0.8996  MS-SSIM↑=0.9306  LPIPS↓=0.1497  time=23.5s
[stage 1 | epoch 66 | step 25] loss=0.210218
[stage 1 | epoch 66 | step 50] loss=0.217868
[stage 1 | epoch 66 | step 75] loss=0.219468
[stage 1 | epoch 66 | step 100] loss=0.218449
Stage 1 Epoch 66 | L1=0.074245  PSNR↑=21.4314  SSIM↑=0.8988  MS-SSIM↑=0.9301  LPIPS↓=0.1513  time=35.5s
[stage 1 | epoch 67 | step 25] loss=0.235451
[stage 1 | epoch 67 | step 50] loss=0.231849
[stage 1 | epoch 67 | step 75] loss=0.235714
[stage 1 | epoch 67 | step 100] loss=0.233435
Stage 1 Epoch 67 | L1=0.073059  PSNR↑=21.5799  SSIM↑=0.9011  MS-SSIM↑=0.9305  LPIPS↓=0.1496  time=25.5s
[stage 1 | epoch 68 | step 25] loss=0.228617
[stage 1 | epoch 68 | step 50] loss=0.226250
[stage 1 | epoch 68 | step 75] loss=0.224183
[stage 1 | epoch 68 | step 100] loss=0.227651
Stage 1 Epoch 68 | L1=0.073317  PSNR↑=21.5331  SSIM↑=0.8994  MS-SSIM↑=0.9289  LPIPS↓=0.1500  time=23.7s
[stage 1 | epoch 69 | step 25] loss=0.219326
[stage 1 | epoch 69 | step 50] loss=0.222107
[stage 1 | epoch 69 | step 75] loss=0.226972
[stage 1 | epoch 69 | step 100] loss=0.225982
Stage 1 Epoch 69 | L1=0.074890  PSNR↑=21.3697  SSIM↑=0.8961  MS-SSIM↑=0.9285  LPIPS↓=0.1522  time=23.7s
[stage 1 | epoch 70 | step 25] loss=0.209956
[stage 1 | epoch 70 | step 50] loss=0.222222
[stage 1 | epoch 70 | step 75] loss=0.220296
[stage 1 | epoch 70 | step 100] loss=0.219131
Stage 1 Epoch 70 | L1=0.074065  PSNR↑=21.4020  SSIM↑=0.8965  MS-SSIM↑=0.9277  LPIPS↓=0.1505  time=24.2s
[stage 1 | epoch 71 | step 25] loss=0.226098
[stage 1 | epoch 71 | step 50] loss=0.220322
[stage 1 | epoch 71 | step 75] loss=0.224387
[stage 1 | epoch 71 | step 100] loss=0.224950
Stage 1 Epoch 71 | L1=0.074843  PSNR↑=21.2941  SSIM↑=0.8984  MS-SSIM↑=0.9301  LPIPS↓=0.1516  time=24.2s
[stage 1 | epoch 72 | step 25] loss=0.238980
[stage 1 | epoch 72 | step 50] loss=0.240162
[stage 1 | epoch 72 | step 75] loss=0.233568
[stage 1 | epoch 72 | step 100] loss=0.231686
Stage 1 Epoch 72 | L1=0.071596  PSNR↑=21.6301  SSIM↑=0.9026  MS-SSIM↑=0.9338  LPIPS↓=0.1512  time=23.8s
  ✅ saved stage best: stage_01_best.pt
  ✅ saved global_best.pt
[stage 1 | epoch 73 | step 25] loss=0.226237
[stage 1 | epoch 73 | step 50] loss=0.219294
[stage 1 | epoch 73 | step 75] loss=0.224967
[stage 1 | epoch 73 | step 100] loss=0.227117
Stage 1 Epoch 73 | L1=0.071800  PSNR↑=21.6887  SSIM↑=0.9006  MS-SSIM↑=0.9308  LPIPS↓=0.1489  time=23.7s
[stage 1 | epoch 74 | step 25] loss=0.205940
[stage 1 | epoch 74 | step 50] loss=0.218997
[stage 1 | epoch 74 | step 75] loss=0.224975
[stage 1 | epoch 74 | step 100] loss=0.224760
Stage 1 Epoch 74 | L1=0.075274  PSNR↑=21.3559  SSIM↑=0.8963  MS-SSIM↑=0.9278  LPIPS↓=0.1527  time=24.3s
[stage 1 | epoch 75 | step 25] loss=0.214322
[stage 1 | epoch 75 | step 50] loss=0.217053
[stage 1 | epoch 75 | step 75] loss=0.222271
[stage 1 | epoch 75 | step 100] loss=0.228564
Stage 1 Epoch 75 | L1=0.072708  PSNR↑=21.6369  SSIM↑=0.9000  MS-SSIM↑=0.9324  LPIPS↓=0.1501  time=23.8s
[stage 1 | epoch 76 | step 25] loss=0.227646
[stage 1 | epoch 76 | step 50] loss=0.223003
[stage 1 | epoch 76 | step 75] loss=0.227727
[stage 1 | epoch 76 | step 100] loss=0.229718
Stage 1 Epoch 76 | L1=0.073083  PSNR↑=21.4920  SSIM↑=0.8988  MS-SSIM↑=0.9295  LPIPS↓=0.1526  time=23.9s
[stage 1 | epoch 77 | step 25] loss=0.218224
[stage 1 | epoch 77 | step 50] loss=0.215599
[stage 1 | epoch 77 | step 75] loss=0.224571
[stage 1 | epoch 77 | step 100] loss=0.227496
Stage 1 Epoch 77 | L1=0.073333  PSNR↑=21.4489  SSIM↑=0.8971  MS-SSIM↑=0.9299  LPIPS↓=0.1525  time=23.7s
[stage 1 | epoch 78 | step 25] loss=0.219266
[stage 1 | epoch 78 | step 50] loss=0.220988
[stage 1 | epoch 78 | step 75] loss=0.224742
[stage 1 | epoch 78 | step 100] loss=0.231552
Stage 1 Epoch 78 | L1=0.073472  PSNR↑=21.4571  SSIM↑=0.8974  MS-SSIM↑=0.9296  LPIPS↓=0.1501  time=24.1s
[stage 1 | epoch 79 | step 25] loss=0.220375
[stage 1 | epoch 79 | step 50] loss=0.222985
[stage 1 | epoch 79 | step 75] loss=0.224644
[stage 1 | epoch 79 | step 100] loss=0.228456
Stage 1 Epoch 79 | L1=0.072686  PSNR↑=21.5839  SSIM↑=0.9004  MS-SSIM↑=0.9335  LPIPS↓=0.1490  time=24.2s
[stage 1 | epoch 80 | step 25] loss=0.232649
[stage 1 | epoch 80 | step 50] loss=0.231718
[stage 1 | epoch 80 | step 75] loss=0.225422
[stage 1 | epoch 80 | step 100] loss=0.220532
Stage 1 Epoch 80 | L1=0.074971  PSNR↑=21.3484  SSIM↑=0.8961  MS-SSIM↑=0.9286  LPIPS↓=0.1525  time=23.5s
[FULL EVAL] stage=1 epoch=80 | PSNR↑=21.3484  SSIM↑=0.8961  MS-SSIM↑=0.9286  LPIPS↓=0.1525  NIQE↓=3.7514  UIQM↑=305.6746  UCIQE↑=inf
[stage 1 | epoch 81 | step 25] loss=0.221131
[stage 1 | epoch 81 | step 50] loss=0.214881
[stage 1 | epoch 81 | step 75] loss=0.219735
[stage 1 | epoch 81 | step 100] loss=0.224496
Stage 1 Epoch 81 | L1=0.072674  PSNR↑=21.6175  SSIM↑=0.9030  MS-SSIM↑=0.9349  LPIPS↓=0.1488  time=23.8s
[stage 1 | epoch 82 | step 25] loss=0.239377
[stage 1 | epoch 82 | step 50] loss=0.237635
[stage 1 | epoch 82 | step 75] loss=0.231707
[stage 1 | epoch 82 | step 100] loss=0.230583
Stage 1 Epoch 82 | L1=0.073075  PSNR↑=21.5326  SSIM↑=0.9005  MS-SSIM↑=0.9296  LPIPS↓=0.1496  time=24.0s
[stage 1 | epoch 83 | step 25] loss=0.238839
[stage 1 | epoch 83 | step 50] loss=0.220195
[stage 1 | epoch 83 | step 75] loss=0.226005
[stage 1 | epoch 83 | step 100] loss=0.226407
Stage 1 Epoch 83 | L1=0.073075  PSNR↑=21.5045  SSIM↑=0.8981  MS-SSIM↑=0.9298  LPIPS↓=0.1512  time=23.9s
[stage 1 | epoch 84 | step 25] loss=0.227123
[stage 1 | epoch 84 | step 50] loss=0.225364
[stage 1 | epoch 84 | step 75] loss=0.221629
[stage 1 | epoch 84 | step 100] loss=0.221557
Stage 1 Epoch 84 | L1=0.071296  PSNR↑=21.7887  SSIM↑=0.9034  MS-SSIM↑=0.9323  LPIPS↓=0.1464  time=28.9s
  ✅ saved stage best: stage_01_best.pt
  ✅ saved global_best.pt
[stage 1 | epoch 85 | step 25] loss=0.222652
[stage 1 | epoch 85 | step 50] loss=0.230638
[stage 1 | epoch 85 | step 75] loss=0.221835
[stage 1 | epoch 85 | step 100] loss=0.221231
Stage 1 Epoch 85 | L1=0.071952  PSNR↑=21.7461  SSIM↑=0.9039  MS-SSIM↑=0.9347  LPIPS↓=0.1453  time=26.1s
[stage 1 | epoch 86 | step 25] loss=0.218485
[stage 1 | epoch 86 | step 50] loss=0.226307
[stage 1 | epoch 86 | step 75] loss=0.223644
[stage 1 | epoch 86 | step 100] loss=0.221571
Stage 1 Epoch 86 | L1=0.075462  PSNR↑=21.4209  SSIM↑=0.8971  MS-SSIM↑=0.9297  LPIPS↓=0.1500  time=23.9s
[stage 1 | epoch 87 | step 25] loss=0.227169
[stage 1 | epoch 87 | step 50] loss=0.224276
[stage 1 | epoch 87 | step 75] loss=0.225677
[stage 1 | epoch 87 | step 100] loss=0.226786
Stage 1 Epoch 87 | L1=0.072406  PSNR↑=21.7042  SSIM↑=0.9021  MS-SSIM↑=0.9331  LPIPS↓=0.1476  time=23.4s
[stage 1 | epoch 88 | step 25] loss=0.231114
[stage 1 | epoch 88 | step 50] loss=0.220993
[stage 1 | epoch 88 | step 75] loss=0.224807
[stage 1 | epoch 88 | step 100] loss=0.226648
Stage 1 Epoch 88 | L1=0.073938  PSNR↑=21.4673  SSIM↑=0.8980  MS-SSIM↑=0.9277  LPIPS↓=0.1510  time=23.8s
[stage 1 | epoch 89 | step 25] loss=0.230117
[stage 1 | epoch 89 | step 50] loss=0.232801
[stage 1 | epoch 89 | step 75] loss=0.228219
[stage 1 | epoch 89 | step 100] loss=0.227640
Stage 1 Epoch 89 | L1=0.071979  PSNR↑=21.5885  SSIM↑=0.9012  MS-SSIM↑=0.9311  LPIPS↓=0.1489  time=23.9s
[stage 1 | epoch 90 | step 25] loss=0.234591
[stage 1 | epoch 90 | step 50] loss=0.220052
[stage 1 | epoch 90 | step 75] loss=0.219445
[stage 1 | epoch 90 | step 100] loss=0.221842
Stage 1 Epoch 90 | L1=0.072481  PSNR↑=21.5549  SSIM↑=0.8997  MS-SSIM↑=0.9326  LPIPS↓=0.1503  time=24.1s
[stage 1 | epoch 91 | step 25] loss=0.217018
[stage 1 | epoch 91 | step 50] loss=0.219926
[stage 1 | epoch 91 | step 75] loss=0.215391
[stage 1 | epoch 91 | step 100] loss=0.218987
Stage 1 Epoch 91 | L1=0.072950  PSNR↑=21.5417  SSIM↑=0.8995  MS-SSIM↑=0.9313  LPIPS↓=0.1506  time=24.1s
[stage 1 | epoch 92 | step 25] loss=0.232734
[stage 1 | epoch 92 | step 50] loss=0.229705
[stage 1 | epoch 92 | step 75] loss=0.228209
[stage 1 | epoch 92 | step 100] loss=0.231722
Stage 1 Epoch 92 | L1=0.075048  PSNR↑=21.3223  SSIM↑=0.8970  MS-SSIM↑=0.9288  LPIPS↓=0.1520  time=23.7s
[stage 1 | epoch 93 | step 25] loss=0.207588
[stage 1 | epoch 93 | step 50] loss=0.226690
[stage 1 | epoch 93 | step 75] loss=0.225315
[stage 1 | epoch 93 | step 100] loss=0.224478
Stage 1 Epoch 93 | L1=0.071729  PSNR↑=21.8291  SSIM↑=0.9036  MS-SSIM↑=0.9343  LPIPS↓=0.1467  time=24.2s
[stage 1 | epoch 94 | step 25] loss=0.216705
[stage 1 | epoch 94 | step 50] loss=0.223083
[stage 1 | epoch 94 | step 75] loss=0.226555
[stage 1 | epoch 94 | step 100] loss=0.229409
Stage 1 Epoch 94 | L1=0.072857  PSNR↑=21.5330  SSIM↑=0.8995  MS-SSIM↑=0.9282  LPIPS↓=0.1501  time=24.2s
[stage 1 | epoch 95 | step 25] loss=0.230365
[stage 1 | epoch 95 | step 50] loss=0.221253
[stage 1 | epoch 95 | step 75] loss=0.228638
[stage 1 | epoch 95 | step 100] loss=0.227454
Stage 1 Epoch 95 | L1=0.074489  PSNR↑=21.2926  SSIM↑=0.8980  MS-SSIM↑=0.9282  LPIPS↓=0.1531  time=24.0s
[stage 1 | epoch 96 | step 25] loss=0.236788
[stage 1 | epoch 96 | step 50] loss=0.236025
[stage 1 | epoch 96 | step 75] loss=0.230300
[stage 1 | epoch 96 | step 100] loss=0.229060
Stage 1 Epoch 96 | L1=0.073550  PSNR↑=21.4730  SSIM↑=0.8974  MS-SSIM↑=0.9327  LPIPS↓=0.1518  time=23.7s
[stage 1 | epoch 97 | step 25] loss=0.217844
[stage 1 | epoch 97 | step 50] loss=0.211227
[stage 1 | epoch 97 | step 75] loss=0.219802
[stage 1 | epoch 97 | step 100] loss=0.223160
Stage 1 Epoch 97 | L1=0.072081  PSNR↑=21.6235  SSIM↑=0.9012  MS-SSIM↑=0.9321  LPIPS↓=0.1489  time=24.5s
[stage 1 | epoch 98 | step 25] loss=0.204449
[stage 1 | epoch 98 | step 50] loss=0.207234
[stage 1 | epoch 98 | step 75] loss=0.212082
[stage 1 | epoch 98 | step 100] loss=0.213908
Stage 1 Epoch 98 | L1=0.070741  PSNR↑=21.8539  SSIM↑=0.9067  MS-SSIM↑=0.9352  LPIPS↓=0.1454  time=24.0s
  ✅ saved stage best: stage_01_best.pt
  ✅ saved global_best.pt
[stage 1 | epoch 99 | step 25] loss=0.231207
[stage 1 | epoch 99 | step 50] loss=0.228413
[stage 1 | epoch 99 | step 75] loss=0.225013
[stage 1 | epoch 99 | step 100] loss=0.226811
Stage 1 Epoch 99 | L1=0.070845  PSNR↑=21.8569  SSIM↑=0.9034  MS-SSIM↑=0.9343  LPIPS↓=0.1444  time=23.7s
[stage 1 | epoch 100 | step 25] loss=0.221824
[stage 1 | epoch 100 | step 50] loss=0.231537
[stage 1 | epoch 100 | step 75] loss=0.228395
[stage 1 | epoch 100 | step 100] loss=0.226780
Stage 1 Epoch 100 | L1=0.073110  PSNR↑=21.5430  SSIM↑=0.9008  MS-SSIM↑=0.9340  LPIPS↓=0.1495  time=23.9s
[FULL EVAL] stage=1 epoch=100 | PSNR↑=21.5430  SSIM↑=0.9008  MS-SSIM↑=0.9340  LPIPS↓=0.1495  NIQE↓=3.7210  UIQM↑=318.3110  UCIQE↑=inf
[stage 1 | epoch 101 | step 25] loss=0.227876
[stage 1 | epoch 101 | step 50] loss=0.220915
[stage 1 | epoch 101 | step 75] loss=0.224419
[stage 1 | epoch 101 | step 100] loss=0.224930
Stage 1 Epoch 101 | L1=0.072088  PSNR↑=21.6823  SSIM↑=0.9003  MS-SSIM↑=0.9298  LPIPS↓=0.1475  time=24.4s
[stage 1 | epoch 102 | step 25] loss=0.208026
[stage 1 | epoch 102 | step 50] loss=0.214129
[stage 1 | epoch 102 | step 75] loss=0.222588
[stage 1 | epoch 102 | step 100] loss=0.220247
Stage 1 Epoch 102 | L1=0.072364  PSNR↑=21.5805  SSIM↑=0.9000  MS-SSIM↑=0.9317  LPIPS↓=0.1490  time=37.3s
[stage 1 | epoch 103 | step 25] loss=0.215813
[stage 1 | epoch 103 | step 50] loss=0.216885
[stage 1 | epoch 103 | step 75] loss=0.218780
[stage 1 | epoch 103 | step 100] loss=0.224445
Stage 1 Epoch 103 | L1=0.074007  PSNR↑=21.4459  SSIM↑=0.8994  MS-SSIM↑=0.9309  LPIPS↓=0.1484  time=23.9s
[stage 1 | epoch 104 | step 25] loss=0.235193
[stage 1 | epoch 104 | step 50] loss=0.233566
[stage 1 | epoch 104 | step 75] loss=0.229502
[stage 1 | epoch 104 | step 100] loss=0.232550
Stage 1 Epoch 104 | L1=0.073376  PSNR↑=21.4930  SSIM↑=0.8995  MS-SSIM↑=0.9277  LPIPS↓=0.1496  time=30.2s
[stage 1 | epoch 105 | step 25] loss=0.203097
[stage 1 | epoch 105 | step 50] loss=0.213672
[stage 1 | epoch 105 | step 75] loss=0.225222
[stage 1 | epoch 105 | step 100] loss=0.226707
Stage 1 Epoch 105 | L1=0.072691  PSNR↑=21.5551  SSIM↑=0.9010  MS-SSIM↑=0.9310  LPIPS↓=0.1505  time=24.0s
[stage 1 | epoch 106 | step 25] loss=0.221882
[stage 1 | epoch 106 | step 50] loss=0.230363
[stage 1 | epoch 106 | step 75] loss=0.222561
[stage 1 | epoch 106 | step 100] loss=0.229057
Stage 1 Epoch 106 | L1=0.073111  PSNR↑=21.5987  SSIM↑=0.9027  MS-SSIM↑=0.9315  LPIPS↓=0.1487  time=23.7s
[stage 1 | epoch 107 | step 25] loss=0.241535
[stage 1 | epoch 107 | step 50] loss=0.245491
[stage 1 | epoch 107 | step 75] loss=0.236138
[stage 1 | epoch 107 | step 100] loss=0.230261
Stage 1 Epoch 107 | L1=0.073993  PSNR↑=21.5141  SSIM↑=0.8982  MS-SSIM↑=0.9269  LPIPS↓=0.1504  time=23.9s
[stage 1 | epoch 108 | step 25] loss=0.237825
[stage 1 | epoch 108 | step 50] loss=0.237336
[stage 1 | epoch 108 | step 75] loss=0.235455
[stage 1 | epoch 108 | step 100] loss=0.235504
Stage 1 Epoch 108 | L1=0.074631  PSNR↑=21.4666  SSIM↑=0.8976  MS-SSIM↑=0.9280  LPIPS↓=0.1531  time=23.7s
[stage 1 | epoch 109 | step 25] loss=0.224211
[stage 1 | epoch 109 | step 50] loss=0.227864
[stage 1 | epoch 109 | step 75] loss=0.231294
[stage 1 | epoch 109 | step 100] loss=0.231650
Stage 1 Epoch 109 | L1=0.074391  PSNR↑=21.4162  SSIM↑=0.8950  MS-SSIM↑=0.9273  LPIPS↓=0.1507  time=23.8s
[stage 1 | epoch 110 | step 25] loss=0.223945
[stage 1 | epoch 110 | step 50] loss=0.227034
[stage 1 | epoch 110 | step 75] loss=0.228324
[stage 1 | epoch 110 | step 100] loss=0.226882
Stage 1 Epoch 110 | L1=0.074838  PSNR↑=21.3114  SSIM↑=0.8949  MS-SSIM↑=0.9260  LPIPS↓=0.1521  time=23.9s
[stage 1 | epoch 111 | step 25] loss=0.242447
[stage 1 | epoch 111 | step 50] loss=0.231201
[stage 1 | epoch 111 | step 75] loss=0.225194
[stage 1 | epoch 111 | step 100] loss=0.221909
Stage 1 Epoch 111 | L1=0.072049  PSNR↑=21.6384  SSIM↑=0.9007  MS-SSIM↑=0.9327  LPIPS↓=0.1488  time=23.8s
[stage 1 | epoch 112 | step 25] loss=0.238029
[stage 1 | epoch 112 | step 50] loss=0.232062
[stage 1 | epoch 112 | step 75] loss=0.227963
[stage 1 | epoch 112 | step 100] loss=0.231114
Stage 1 Epoch 112 | L1=0.073595  PSNR↑=21.5298  SSIM↑=0.9008  MS-SSIM↑=0.9310  LPIPS↓=0.1476  time=24.2s
[stage 1 | epoch 113 | step 25] loss=0.241330
[stage 1 | epoch 113 | step 50] loss=0.241762
[stage 1 | epoch 113 | step 75] loss=0.235652
[stage 1 | epoch 113 | step 100] loss=0.230879
Stage 1 Epoch 113 | L1=0.072673  PSNR↑=21.6019  SSIM↑=0.9010  MS-SSIM↑=0.9292  LPIPS↓=0.1476  time=24.2s
[stage 1 | epoch 114 | step 25] loss=0.232737
[stage 1 | epoch 114 | step 50] loss=0.230478
[stage 1 | epoch 114 | step 75] loss=0.225049
[stage 1 | epoch 114 | step 100] loss=0.221967
Stage 1 Epoch 114 | L1=0.071858  PSNR↑=21.6601  SSIM↑=0.9027  MS-SSIM↑=0.9337  LPIPS↓=0.1488  time=24.1s
[stage 1 | epoch 115 | step 25] loss=0.228326
[stage 1 | epoch 115 | step 50] loss=0.234873
[stage 1 | epoch 115 | step 75] loss=0.228270
[stage 1 | epoch 115 | step 100] loss=0.228723
Stage 1 Epoch 115 | L1=0.072297  PSNR↑=21.6545  SSIM↑=0.9016  MS-SSIM↑=0.9329  LPIPS↓=0.1474  time=24.0s
[stage 1 | epoch 116 | step 25] loss=0.225392
[stage 1 | epoch 116 | step 50] loss=0.232395
[stage 1 | epoch 116 | step 75] loss=0.224703
[stage 1 | epoch 116 | step 100] loss=0.225034
Stage 1 Epoch 116 | L1=0.071259  PSNR↑=21.8778  SSIM↑=0.9034  MS-SSIM↑=0.9321  LPIPS↓=0.1470  time=24.0s
[stage 1 | epoch 117 | step 25] loss=0.233211
[stage 1 | epoch 117 | step 50] loss=0.231617
[stage 1 | epoch 117 | step 75] loss=0.235225
[stage 1 | epoch 117 | step 100] loss=0.232995
Stage 1 Epoch 117 | L1=0.074152  PSNR↑=21.4802  SSIM↑=0.8988  MS-SSIM↑=0.9298  LPIPS↓=0.1482  time=24.3s
[stage 1 | epoch 118 | step 25] loss=0.251604
[stage 1 | epoch 118 | step 50] loss=0.241407
[stage 1 | epoch 118 | step 75] loss=0.236245
[stage 1 | epoch 118 | step 100] loss=0.231127
Stage 1 Epoch 118 | L1=0.072533  PSNR↑=21.6122  SSIM↑=0.9016  MS-SSIM↑=0.9307  LPIPS↓=0.1475  time=24.9s
[stage 1 | epoch 119 | step 25] loss=0.221461
[stage 1 | epoch 119 | step 50] loss=0.222384
[stage 1 | epoch 119 | step 75] loss=0.217823
[stage 1 | epoch 119 | step 100] loss=0.221376
Stage 1 Epoch 119 | L1=0.072445  PSNR↑=21.6651  SSIM↑=0.9023  MS-SSIM↑=0.9322  LPIPS↓=0.1488  time=24.8s
[stage 1 | epoch 120 | step 25] loss=0.201061
[stage 1 | epoch 120 | step 50] loss=0.211719
[stage 1 | epoch 120 | step 75] loss=0.215929
[stage 1 | epoch 120 | step 100] loss=0.216656
Stage 1 Epoch 120 | L1=0.072011  PSNR↑=21.6404  SSIM↑=0.9026  MS-SSIM↑=0.9325  LPIPS↓=0.1487  time=24.6s
[FULL EVAL] stage=1 epoch=120 | PSNR↑=21.6404  SSIM↑=0.9026  MS-SSIM↑=0.9325  LPIPS↓=0.1487  NIQE↓=3.7392  UIQM↑=313.6624  UCIQE↑=inf
[stage 1 | epoch 121 | step 25] loss=0.242717
[stage 1 | epoch 121 | step 50] loss=0.228956
[stage 1 | epoch 121 | step 75] loss=0.232130
[stage 1 | epoch 121 | step 100] loss=0.231427
Stage 1 Epoch 121 | L1=0.074328  PSNR↑=21.4451  SSIM↑=0.8971  MS-SSIM↑=0.9271  LPIPS↓=0.1516  time=29.1s
[stage 1 | epoch 122 | step 25] loss=0.230672
[stage 1 | epoch 122 | step 50] loss=0.226349
[stage 1 | epoch 122 | step 75] loss=0.231569
[stage 1 | epoch 122 | step 100] loss=0.232656
Stage 1 Epoch 122 | L1=0.075561  PSNR↑=21.3117  SSIM↑=0.8962  MS-SSIM↑=0.9273  LPIPS↓=0.1526  time=26.3s
[stage 1 | epoch 123 | step 25] loss=0.220130
[stage 1 | epoch 123 | step 50] loss=0.216334
[stage 1 | epoch 123 | step 75] loss=0.223017
[stage 1 | epoch 123 | step 100] loss=0.221257
Stage 1 Epoch 123 | L1=0.073740  PSNR↑=21.4367  SSIM↑=0.8960  MS-SSIM↑=0.9274  LPIPS↓=0.1519  time=24.8s
[stage 1 | epoch 124 | step 25] loss=0.226043
[stage 1 | epoch 124 | step 50] loss=0.218823
[stage 1 | epoch 124 | step 75] loss=0.231973
[stage 1 | epoch 124 | step 100] loss=0.230451
Stage 1 Epoch 124 | L1=0.073788  PSNR↑=21.4602  SSIM↑=0.8956  MS-SSIM↑=0.9285  LPIPS↓=0.1508  time=32.5s
[stage 1 | epoch 125 | step 25] loss=0.234680
[stage 1 | epoch 125 | step 50] loss=0.221647
[stage 1 | epoch 125 | step 75] loss=0.222498
[stage 1 | epoch 125 | step 100] loss=0.226122
Stage 1 Epoch 125 | L1=0.071752  PSNR↑=21.7135  SSIM↑=0.9026  MS-SSIM↑=0.9316  LPIPS↓=0.1481  time=24.7s
[stage 1 | epoch 126 | step 25] loss=0.242214
[stage 1 | epoch 126 | step 50] loss=0.235510
[stage 1 | epoch 126 | step 75] loss=0.230276
[stage 1 | epoch 126 | step 100] loss=0.229964
Stage 1 Epoch 126 | L1=0.074967  PSNR↑=21.3308  SSIM↑=0.8977  MS-SSIM↑=0.9281  LPIPS↓=0.1513  time=24.8s
[stage 1 | epoch 127 | step 25] loss=0.229543
[stage 1 | epoch 127 | step 50] loss=0.226240
[stage 1 | epoch 127 | step 75] loss=0.227107
[stage 1 | epoch 127 | step 100] loss=0.227309
Stage 1 Epoch 127 | L1=0.073110  PSNR↑=21.5322  SSIM↑=0.8995  MS-SSIM↑=0.9275  LPIPS↓=0.1517  time=28.6s
[stage 1 | epoch 128 | step 25] loss=0.220364
[stage 1 | epoch 128 | step 50] loss=0.224566
[stage 1 | epoch 128 | step 75] loss=0.223684
[stage 1 | epoch 128 | step 100] loss=0.222884
Stage 1 Epoch 128 | L1=0.072565  PSNR↑=21.6321  SSIM↑=0.8999  MS-SSIM↑=0.9300  LPIPS↓=0.1499  time=30.5s
[stage 1 | epoch 129 | step 25] loss=0.224525
[stage 1 | epoch 129 | step 50] loss=0.217817
[stage 1 | epoch 129 | step 75] loss=0.225402
[stage 1 | epoch 129 | step 100] loss=0.225526
Stage 1 Epoch 129 | L1=0.072162  PSNR↑=21.6531  SSIM↑=0.8999  MS-SSIM↑=0.9294  LPIPS↓=0.1474  time=44.2s
[stage 1 | epoch 130 | step 25] loss=0.218706
[stage 1 | epoch 130 | step 50] loss=0.216277
[stage 1 | epoch 130 | step 75] loss=0.221534
[stage 1 | epoch 130 | step 100] loss=0.218823
Stage 1 Epoch 130 | L1=0.071180  PSNR↑=21.7930  SSIM↑=0.9039  MS-SSIM↑=0.9344  LPIPS↓=0.1485  time=25.0s
[stage 1 | epoch 131 | step 25] loss=0.222283
[stage 1 | epoch 131 | step 50] loss=0.210049
[stage 1 | epoch 131 | step 75] loss=0.219514
[stage 1 | epoch 131 | step 100] loss=0.218110
Stage 1 Epoch 131 | L1=0.072820  PSNR↑=21.6276  SSIM↑=0.9024  MS-SSIM↑=0.9356  LPIPS↓=0.1486  time=24.5s
[stage 1 | epoch 132 | step 25] loss=0.216621
[stage 1 | epoch 132 | step 50] loss=0.224366
[stage 1 | epoch 132 | step 75] loss=0.223827
[stage 1 | epoch 132 | step 100] loss=0.224623
Stage 1 Epoch 132 | L1=0.074563  PSNR↑=21.3688  SSIM↑=0.8995  MS-SSIM↑=0.9294  LPIPS↓=0.1496  time=24.6s
[stage 1 | epoch 133 | step 25] loss=0.215632
[stage 1 | epoch 133 | step 50] loss=0.220369
[stage 1 | epoch 133 | step 75] loss=0.220018
[stage 1 | epoch 133 | step 100] loss=0.221570
Stage 1 Epoch 133 | L1=0.071765  PSNR↑=21.7201  SSIM↑=0.9036  MS-SSIM↑=0.9324  LPIPS↓=0.1479  time=25.0s
[stage 1 | epoch 134 | step 25] loss=0.228119
[stage 1 | epoch 134 | step 50] loss=0.215846
[stage 1 | epoch 134 | step 75] loss=0.218750
[stage 1 | epoch 134 | step 100] loss=0.221449
Stage 1 Epoch 134 | L1=0.072369  PSNR↑=21.6413  SSIM↑=0.9024  MS-SSIM↑=0.9334  LPIPS↓=0.1476  time=24.2s
[stage 1 | epoch 135 | step 25] loss=0.219751
[stage 1 | epoch 135 | step 50] loss=0.218490
[stage 1 | epoch 135 | step 75] loss=0.219417
[stage 1 | epoch 135 | step 100] loss=0.221599
Stage 1 Epoch 135 | L1=0.073247  PSNR↑=21.4929  SSIM↑=0.9004  MS-SSIM↑=0.9317  LPIPS↓=0.1495  time=24.8s
[stage 1 | epoch 136 | step 25] loss=0.230062
[stage 1 | epoch 136 | step 50] loss=0.225636
[stage 1 | epoch 136 | step 75] loss=0.222884
[stage 1 | epoch 136 | step 100] loss=0.219406
Stage 1 Epoch 136 | L1=0.073133  PSNR↑=21.5748  SSIM↑=0.8997  MS-SSIM↑=0.9336  LPIPS↓=0.1469  time=24.5s
[stage 1 | epoch 137 | step 25] loss=0.221174
[stage 1 | epoch 137 | step 50] loss=0.220479
[stage 1 | epoch 137 | step 75] loss=0.222292
[stage 1 | epoch 137 | step 100] loss=0.225717
Stage 1 Epoch 137 | L1=0.071759  PSNR↑=21.7650  SSIM↑=0.9037  MS-SSIM↑=0.9333  LPIPS↓=0.1467  time=24.3s
[stage 1 | epoch 138 | step 25] loss=0.232616
[stage 1 | epoch 138 | step 50] loss=0.225365
[stage 1 | epoch 138 | step 75] loss=0.228313
[stage 1 | epoch 138 | step 100] loss=0.226417
Stage 1 Epoch 138 | L1=0.074338  PSNR↑=21.3373  SSIM↑=0.9000  MS-SSIM↑=0.9293  LPIPS↓=0.1519  time=24.6s
[stage 1 | epoch 139 | step 25] loss=0.235556
[stage 1 | epoch 139 | step 50] loss=0.224072
[stage 1 | epoch 139 | step 75] loss=0.225866
[stage 1 | epoch 139 | step 100] loss=0.226453
Stage 1 Epoch 139 | L1=0.070820  PSNR↑=21.8101  SSIM↑=0.9045  MS-SSIM↑=0.9344  LPIPS↓=0.1467  time=28.3s
[stage 1 | epoch 140 | step 25] loss=0.237928
[stage 1 | epoch 140 | step 50] loss=0.229435
[stage 1 | epoch 140 | step 75] loss=0.228073
[stage 1 | epoch 140 | step 100] loss=0.228527
Stage 1 Epoch 140 | L1=0.074655  PSNR↑=21.3218  SSIM↑=0.8972  MS-SSIM↑=0.9278  LPIPS↓=0.1521  time=24.5s
[FULL EVAL] stage=1 epoch=140 | PSNR↑=21.3218  SSIM↑=0.8972  MS-SSIM↑=0.9278  LPIPS↓=0.1521  NIQE↓=3.7332  UIQM↑=301.9009  UCIQE↑=inf
[stage 1 | epoch 141 | step 25] loss=0.224885
[stage 1 | epoch 141 | step 50] loss=0.219651
[stage 1 | epoch 141 | step 75] loss=0.224188
[stage 1 | epoch 141 | step 100] loss=0.225151
Stage 1 Epoch 141 | L1=0.073779  PSNR↑=21.4701  SSIM↑=0.8990  MS-SSIM↑=0.9292  LPIPS↓=0.1502  time=24.8s
[stage 1 | epoch 142 | step 25] loss=0.226099
[stage 1 | epoch 142 | step 50] loss=0.224935
[stage 1 | epoch 142 | step 75] loss=0.222464
[stage 1 | epoch 142 | step 100] loss=0.219366
Stage 1 Epoch 142 | L1=0.072522  PSNR↑=21.6849  SSIM↑=0.9026  MS-SSIM↑=0.9323  LPIPS↓=0.1474  time=24.7s
[stage 1 | epoch 143 | step 25] loss=0.249493
[stage 1 | epoch 143 | step 50] loss=0.231854
[stage 1 | epoch 143 | step 75] loss=0.226539
[stage 1 | epoch 143 | step 100] loss=0.225937
Stage 1 Epoch 143 | L1=0.073697  PSNR↑=21.5071  SSIM↑=0.8996  MS-SSIM↑=0.9304  LPIPS↓=0.1499  time=25.4s
[stage 1 | epoch 144 | step 25] loss=0.236287
[stage 1 | epoch 144 | step 50] loss=0.234275
[stage 1 | epoch 144 | step 75] loss=0.236849
[stage 1 | epoch 144 | step 100] loss=0.227946
Stage 1 Epoch 144 | L1=0.073851  PSNR↑=21.3899  SSIM↑=0.8967  MS-SSIM↑=0.9302  LPIPS↓=0.1525  time=24.8s
[stage 1 | epoch 145 | step 25] loss=0.237220
[stage 1 | epoch 145 | step 50] loss=0.224548
[stage 1 | epoch 145 | step 75] loss=0.224352
[stage 1 | epoch 145 | step 100] loss=0.225059
Stage 1 Epoch 145 | L1=0.073404  PSNR↑=21.5603  SSIM↑=0.9019  MS-SSIM↑=0.9301  LPIPS↓=0.1466  time=25.4s
[stage 1 | epoch 146 | step 25] loss=0.215941
[stage 1 | epoch 146 | step 50] loss=0.216693
[stage 1 | epoch 146 | step 75] loss=0.222112
[stage 1 | epoch 146 | step 100] loss=0.225630
Stage 1 Epoch 146 | L1=0.073651  PSNR↑=21.5509  SSIM↑=0.8988  MS-SSIM↑=0.9294  LPIPS↓=0.1474  time=43.6s
[stage 1 | epoch 147 | step 25] loss=0.231192
[stage 1 | epoch 147 | step 50] loss=0.228316
[stage 1 | epoch 147 | step 75] loss=0.230680
[stage 1 | epoch 147 | step 100] loss=0.227921
Stage 1 Epoch 147 | L1=0.073041  PSNR↑=21.5799  SSIM↑=0.8994  MS-SSIM↑=0.9295  LPIPS↓=0.1477  time=33.6s
[stage 1 | epoch 148 | step 25] loss=0.234151
[stage 1 | epoch 148 | step 50] loss=0.230097
[stage 1 | epoch 148 | step 75] loss=0.230953
[stage 1 | epoch 148 | step 100] loss=0.225341
Stage 1 Epoch 148 | L1=0.072813  PSNR↑=21.6940  SSIM↑=0.9038  MS-SSIM↑=0.9338  LPIPS↓=0.1441  time=34.8s
[stage 1 | epoch 149 | step 25] loss=0.245337
[stage 1 | epoch 149 | step 50] loss=0.225762
[stage 1 | epoch 149 | step 75] loss=0.230731
[stage 1 | epoch 149 | step 100] loss=0.233617
Stage 1 Epoch 149 | L1=0.075576  PSNR↑=21.2925  SSIM↑=0.8969  MS-SSIM↑=0.9286  LPIPS↓=0.1508  time=24.5s
[stage 1 | epoch 150 | step 25] loss=0.224282
[stage 1 | epoch 150 | step 50] loss=0.222696
[stage 1 | epoch 150 | step 75] loss=0.217238
[stage 1 | epoch 150 | step 100] loss=0.219736
Stage 1 Epoch 150 | L1=0.072311  PSNR↑=21.7397  SSIM↑=0.9030  MS-SSIM↑=0.9314  LPIPS↓=0.1457  time=33.5s
[stage 1 | epoch 151 | step 25] loss=0.227705
[stage 1 | epoch 151 | step 50] loss=0.221943
[stage 1 | epoch 151 | step 75] loss=0.221569
[stage 1 | epoch 151 | step 100] loss=0.220348
Stage 1 Epoch 151 | L1=0.074842  PSNR↑=21.2906  SSIM↑=0.8963  MS-SSIM↑=0.9274  LPIPS↓=0.1525  time=37.1s
[stage 1 | epoch 152 | step 25] loss=0.223152
[stage 1 | epoch 152 | step 50] loss=0.229337
[stage 1 | epoch 152 | step 75] loss=0.228897
[stage 1 | epoch 152 | step 100] loss=0.227575
Stage 1 Epoch 152 | L1=0.072624  PSNR↑=21.6781  SSIM↑=0.9013  MS-SSIM↑=0.9318  LPIPS↓=0.1474  time=24.7s
[stage 1 | epoch 153 | step 25] loss=0.221285
[stage 1 | epoch 153 | step 50] loss=0.215129
[stage 1 | epoch 153 | step 75] loss=0.224939
[stage 1 | epoch 153 | step 100] loss=0.226636
Stage 1 Epoch 153 | L1=0.073605  PSNR↑=21.4954  SSIM↑=0.8984  MS-SSIM↑=0.9309  LPIPS↓=0.1493  time=43.2s
[stage 1 | epoch 154 | step 25] loss=0.213988
[stage 1 | epoch 154 | step 50] loss=0.228993
[stage 1 | epoch 154 | step 75] loss=0.222784
[stage 1 | epoch 154 | step 100] loss=0.221538
Stage 1 Epoch 154 | L1=0.073649  PSNR↑=21.5639  SSIM↑=0.8996  MS-SSIM↑=0.9312  LPIPS↓=0.1479  time=26.9s
[stage 1 | epoch 155 | step 25] loss=0.248675
[stage 1 | epoch 155 | step 50] loss=0.240333
[stage 1 | epoch 155 | step 75] loss=0.235456
[stage 1 | epoch 155 | step 100] loss=0.230238
Stage 1 Epoch 155 | L1=0.073763  PSNR↑=21.5055  SSIM↑=0.8971  MS-SSIM↑=0.9283  LPIPS↓=0.1498  time=24.6s
[stage 1 | epoch 156 | step 25] loss=0.228381
[stage 1 | epoch 156 | step 50] loss=0.225627
[stage 1 | epoch 156 | step 75] loss=0.224041
[stage 1 | epoch 156 | step 100] loss=0.221321
Stage 1 Epoch 156 | L1=0.072498  PSNR↑=21.6481  SSIM↑=0.9000  MS-SSIM↑=0.9323  LPIPS↓=0.1492  time=42.8s
[stage 1 | epoch 157 | step 25] loss=0.207704
[stage 1 | epoch 157 | step 50] loss=0.224009
[stage 1 | epoch 157 | step 75] loss=0.225513
[stage 1 | epoch 157 | step 100] loss=0.228727
Stage 1 Epoch 157 | L1=0.072355  PSNR↑=21.6564  SSIM↑=0.9025  MS-SSIM↑=0.9329  LPIPS↓=0.1487  time=37.4s
[stage 1 | epoch 158 | step 25] loss=0.225671
[stage 1 | epoch 158 | step 50] loss=0.225480
[stage 1 | epoch 158 | step 75] loss=0.225755
[stage 1 | epoch 158 | step 100] loss=0.226573
Stage 1 Epoch 158 | L1=0.072895  PSNR↑=21.5917  SSIM↑=0.9005  MS-SSIM↑=0.9321  LPIPS↓=0.1480  time=37.0s
[stage 1 | epoch 159 | step 25] loss=0.234474
[stage 1 | epoch 159 | step 50] loss=0.236880
[stage 1 | epoch 159 | step 75] loss=0.230535
[stage 1 | epoch 159 | step 100] loss=0.225731
Stage 1 Epoch 159 | L1=0.072270  PSNR↑=21.7316  SSIM↑=0.9032  MS-SSIM↑=0.9320  LPIPS↓=0.1468  time=36.8s
[stage 1 | epoch 160 | step 25] loss=0.220685
[stage 1 | epoch 160 | step 50] loss=0.222340
[stage 1 | epoch 160 | step 75] loss=0.221797
[stage 1 | epoch 160 | step 100] loss=0.224466
Stage 1 Epoch 160 | L1=0.073757  PSNR↑=21.5769  SSIM↑=0.8993  MS-SSIM↑=0.9299  LPIPS↓=0.1481  time=24.5s
[FULL EVAL] stage=1 epoch=160 | PSNR↑=21.5769  SSIM↑=0.8993  MS-SSIM↑=0.9299  LPIPS↓=0.1481  NIQE↓=3.7365  UIQM↑=307.9704  UCIQE↑=inf
[stage 1 | epoch 161 | step 25] loss=0.222923
[stage 1 | epoch 161 | step 50] loss=0.243298
[stage 1 | epoch 161 | step 75] loss=0.238351
[stage 1 | epoch 161 | step 100] loss=0.235624
Stage 1 Epoch 161 | L1=0.074606  PSNR↑=21.2654  SSIM↑=0.8957  MS-SSIM↑=0.9268  LPIPS↓=0.1567  time=24.3s
[stage 1 | epoch 162 | step 25] loss=0.230963
[stage 1 | epoch 162 | step 50] loss=0.231410
[stage 1 | epoch 162 | step 75] loss=0.226425
[stage 1 | epoch 162 | step 100] loss=0.223687
Stage 1 Epoch 162 | L1=0.072158  PSNR↑=21.6710  SSIM↑=0.9027  MS-SSIM↑=0.9340  LPIPS↓=0.1462  time=24.3s
[stage 1 | epoch 163 | step 25] loss=0.227373
[stage 1 | epoch 163 | step 50] loss=0.228140
[stage 1 | epoch 163 | step 75] loss=0.220806
[stage 1 | epoch 163 | step 100] loss=0.216999
Stage 1 Epoch 163 | L1=0.071871  PSNR↑=21.7497  SSIM↑=0.9022  MS-SSIM↑=0.9323  LPIPS↓=0.1468  time=25.0s
[stage 1 | epoch 164 | step 25] loss=0.225470
[stage 1 | epoch 164 | step 50] loss=0.227935
[stage 1 | epoch 164 | step 75] loss=0.230057
[stage 1 | epoch 164 | step 100] loss=0.228383
Stage 1 Epoch 164 | L1=0.073559  PSNR↑=21.5813  SSIM↑=0.9000  MS-SSIM↑=0.9327  LPIPS↓=0.1493  time=24.4s
[stage 1 | epoch 165 | step 25] loss=0.214098
[stage 1 | epoch 165 | step 50] loss=0.221214
[stage 1 | epoch 165 | step 75] loss=0.223805
[stage 1 | epoch 165 | step 100] loss=0.223300
Stage 1 Epoch 165 | L1=0.072507  PSNR↑=21.6522  SSIM↑=0.9013  MS-SSIM↑=0.9307  LPIPS↓=0.1491  time=24.9s
[stage 1 | epoch 166 | step 25] loss=0.222406
[stage 1 | epoch 166 | step 50] loss=0.223625
[stage 1 | epoch 166 | step 75] loss=0.222576
[stage 1 | epoch 166 | step 100] loss=0.218013
Stage 1 Epoch 166 | L1=0.072845  PSNR↑=21.6315  SSIM↑=0.9004  MS-SSIM↑=0.9327  LPIPS↓=0.1479  time=25.4s
[stage 1 | epoch 167 | step 25] loss=0.234342
[stage 1 | epoch 167 | step 50] loss=0.222884
[stage 1 | epoch 167 | step 75] loss=0.227041
[stage 1 | epoch 167 | step 100] loss=0.227680
Stage 1 Epoch 167 | L1=0.072296  PSNR↑=21.6606  SSIM↑=0.9001  MS-SSIM↑=0.9320  LPIPS↓=0.1480  time=25.0s
[stage 1 | epoch 168 | step 25] loss=0.226405
[stage 1 | epoch 168 | step 50] loss=0.225369
[stage 1 | epoch 168 | step 75] loss=0.223254
[stage 1 | epoch 168 | step 100] loss=0.225981
Stage 1 Epoch 168 | L1=0.073034  PSNR↑=21.5586  SSIM↑=0.9012  MS-SSIM↑=0.9337  LPIPS↓=0.1501  time=24.8s
[stage 1 | epoch 169 | step 25] loss=0.217693
[stage 1 | epoch 169 | step 50] loss=0.221025
[stage 1 | epoch 169 | step 75] loss=0.225823
[stage 1 | epoch 169 | step 100] loss=0.226227
Stage 1 Epoch 169 | L1=0.073647  PSNR↑=21.5334  SSIM↑=0.8991  MS-SSIM↑=0.9295  LPIPS↓=0.1485  time=24.3s
[stage 1 | epoch 170 | step 25] loss=0.219625
[stage 1 | epoch 170 | step 50] loss=0.224383
[stage 1 | epoch 170 | step 75] loss=0.233035
[stage 1 | epoch 170 | step 100] loss=0.228546
Stage 1 Epoch 170 | L1=0.076256  PSNR↑=21.1961  SSIM↑=0.8943  MS-SSIM↑=0.9276  LPIPS↓=0.1538  time=24.7s
[stage 1 | epoch 171 | step 25] loss=0.215539
[stage 1 | epoch 171 | step 50] loss=0.225043
[stage 1 | epoch 171 | step 75] loss=0.226848
[stage 1 | epoch 171 | step 100] loss=0.225192
Stage 1 Epoch 171 | L1=0.073511  PSNR↑=21.5225  SSIM↑=0.8997  MS-SSIM↑=0.9294  LPIPS↓=0.1505  time=24.5s
[stage 1 | epoch 172 | step 25] loss=0.217117
[stage 1 | epoch 172 | step 50] loss=0.211632
[stage 1 | epoch 172 | step 75] loss=0.212374
[stage 1 | epoch 172 | step 100] loss=0.214355
Stage 1 Epoch 172 | L1=0.071554  PSNR↑=21.7048  SSIM↑=0.9057  MS-SSIM↑=0.9350  LPIPS↓=0.1478  time=25.2s
[stage 1 | epoch 173 | step 25] loss=0.206898
[stage 1 | epoch 173 | step 50] loss=0.216899
[stage 1 | epoch 173 | step 75] loss=0.218072
[stage 1 | epoch 173 | step 100] loss=0.221422
Stage 1 Epoch 173 | L1=0.072469  PSNR↑=21.6652  SSIM↑=0.9025  MS-SSIM↑=0.9325  LPIPS↓=0.1471  time=24.3s
[stage 1 | epoch 174 | step 25] loss=0.212755
[stage 1 | epoch 174 | step 50] loss=0.226309
[stage 1 | epoch 174 | step 75] loss=0.221156
[stage 1 | epoch 174 | step 100] loss=0.221182
Stage 1 Epoch 174 | L1=0.073190  PSNR↑=21.6154  SSIM↑=0.9012  MS-SSIM↑=0.9292  LPIPS↓=0.1479  time=26.3s
[stage 1 | epoch 175 | step 25] loss=0.211003
[stage 1 | epoch 175 | step 50] loss=0.217935
[stage 1 | epoch 175 | step 75] loss=0.225704
[stage 1 | epoch 175 | step 100] loss=0.229753
Stage 1 Epoch 175 | L1=0.071689  PSNR↑=21.7408  SSIM↑=0.9044  MS-SSIM↑=0.9341  LPIPS↓=0.1449  time=24.9s
[stage 1 | epoch 176 | step 25] loss=0.211079
[stage 1 | epoch 176 | step 50] loss=0.219219
[stage 1 | epoch 176 | step 75] loss=0.223319
[stage 1 | epoch 176 | step 100] loss=0.224647
Stage 1 Epoch 176 | L1=0.073152  PSNR↑=21.6953  SSIM↑=0.9044  MS-SSIM↑=0.9337  LPIPS↓=0.1456  time=33.5s
[stage 1 | epoch 177 | step 25] loss=0.217744
[stage 1 | epoch 177 | step 50] loss=0.230431
[stage 1 | epoch 177 | step 75] loss=0.230850
[stage 1 | epoch 177 | step 100] loss=0.229103
Stage 1 Epoch 177 | L1=0.073283  PSNR↑=21.5154  SSIM↑=0.8968  MS-SSIM↑=0.9292  LPIPS↓=0.1473  time=32.2s
[stage 1 | epoch 178 | step 25] loss=0.209970
[stage 1 | epoch 178 | step 50] loss=0.215741
[stage 1 | epoch 178 | step 75] loss=0.213368
[stage 1 | epoch 178 | step 100] loss=0.219912
Stage 1 Epoch 178 | L1=0.072967  PSNR↑=21.5696  SSIM↑=0.9008  MS-SSIM↑=0.9299  LPIPS↓=0.1462  time=35.1s
[stage 1 | epoch 179 | step 25] loss=0.226889
[stage 1 | epoch 179 | step 50] loss=0.220488
[stage 1 | epoch 179 | step 75] loss=0.221401
[stage 1 | epoch 179 | step 100] loss=0.221901
Stage 1 Epoch 179 | L1=0.072249  PSNR↑=21.6981  SSIM↑=0.9019  MS-SSIM↑=0.9325  LPIPS↓=0.1464  time=27.0s
[stage 1 | epoch 180 | step 25] loss=0.236512
[stage 1 | epoch 180 | step 50] loss=0.234385
[stage 1 | epoch 180 | step 75] loss=0.229297
[stage 1 | epoch 180 | step 100] loss=0.229589
Stage 1 Epoch 180 | L1=0.071961  PSNR↑=21.7723  SSIM↑=0.9022  MS-SSIM↑=0.9333  LPIPS↓=0.1464  time=32.6s
[FULL EVAL] stage=1 epoch=180 | PSNR↑=21.7723  SSIM↑=0.9022  MS-SSIM↑=0.9333  LPIPS↓=0.1464  NIQE↓=3.7320  UIQM↑=314.0444  UCIQE↑=inf
[stage 1 | epoch 181 | step 25] loss=0.210603
[stage 1 | epoch 181 | step 50] loss=0.214713
[stage 1 | epoch 181 | step 75] loss=0.221971
[stage 1 | epoch 181 | step 100] loss=0.223794
Stage 1 Epoch 181 | L1=0.072911  PSNR↑=21.5234  SSIM↑=0.8986  MS-SSIM↑=0.9293  LPIPS↓=0.1489  time=24.6s
[stage 1 | epoch 182 | step 25] loss=0.225659
[stage 1 | epoch 182 | step 50] loss=0.218216
[stage 1 | epoch 182 | step 75] loss=0.216398
[stage 1 | epoch 182 | step 100] loss=0.214709
Stage 1 Epoch 182 | L1=0.072077  PSNR↑=21.7040  SSIM↑=0.9015  MS-SSIM↑=0.9330  LPIPS↓=0.1468  time=24.8s
[stage 1 | epoch 183 | step 25] loss=0.231389
[stage 1 | epoch 183 | step 50] loss=0.232060
[stage 1 | epoch 183 | step 75] loss=0.231329
[stage 1 | epoch 183 | step 100] loss=0.230714
Stage 1 Epoch 183 | L1=0.073120  PSNR↑=21.5719  SSIM↑=0.9013  MS-SSIM↑=0.9311  LPIPS↓=0.1472  time=24.8s
[stage 1 | epoch 184 | step 25] loss=0.215396
[stage 1 | epoch 184 | step 50] loss=0.220498
[stage 1 | epoch 184 | step 75] loss=0.222406
[stage 1 | epoch 184 | step 100] loss=0.226196
Stage 1 Epoch 184 | L1=0.074060  PSNR↑=21.3710  SSIM↑=0.8978  MS-SSIM↑=0.9303  LPIPS↓=0.1511  time=24.7s
[stage 1 | epoch 185 | step 25] loss=0.220806
[stage 1 | epoch 185 | step 50] loss=0.225395
[stage 1 | epoch 185 | step 75] loss=0.224692
[stage 1 | epoch 185 | step 100] loss=0.224698
Stage 1 Epoch 185 | L1=0.072786  PSNR↑=21.6440  SSIM↑=0.9024  MS-SSIM↑=0.9347  LPIPS↓=0.1490  time=24.5s
[stage 1 | epoch 186 | step 25] loss=0.216589
[stage 1 | epoch 186 | step 50] loss=0.210941
[stage 1 | epoch 186 | step 75] loss=0.217357
[stage 1 | epoch 186 | step 100] loss=0.215563
Stage 1 Epoch 186 | L1=0.074079  PSNR↑=21.4902  SSIM↑=0.9024  MS-SSIM↑=0.9323  LPIPS↓=0.1503  time=23.9s
[stage 1 | epoch 187 | step 25] loss=0.222311
[stage 1 | epoch 187 | step 50] loss=0.221863
[stage 1 | epoch 187 | step 75] loss=0.225593
[stage 1 | epoch 187 | step 100] loss=0.225215
Stage 1 Epoch 187 | L1=0.073425  PSNR↑=21.5563  SSIM↑=0.9012  MS-SSIM↑=0.9300  LPIPS↓=0.1487  time=24.8s
[stage 1 | epoch 188 | step 25] loss=0.231465
[stage 1 | epoch 188 | step 50] loss=0.229242
[stage 1 | epoch 188 | step 75] loss=0.226428
[stage 1 | epoch 188 | step 100] loss=0.225065
Stage 1 Epoch 188 | L1=0.072438  PSNR↑=21.6766  SSIM↑=0.9023  MS-SSIM↑=0.9330  LPIPS↓=0.1475  time=24.7s
[stage 1 | epoch 189 | step 25] loss=0.234047
[stage 1 | epoch 189 | step 50] loss=0.237814
[stage 1 | epoch 189 | step 75] loss=0.226858
[stage 1 | epoch 189 | step 100] loss=0.223233
Stage 1 Epoch 189 | L1=0.072673  PSNR↑=21.5689  SSIM↑=0.9013  MS-SSIM↑=0.9325  LPIPS↓=0.1476  time=24.7s
[stage 1 | epoch 190 | step 25] loss=0.232471
[stage 1 | epoch 190 | step 50] loss=0.231531
[stage 1 | epoch 190 | step 75] loss=0.229718
[stage 1 | epoch 190 | step 100] loss=0.230874
Stage 1 Epoch 190 | L1=0.072785  PSNR↑=21.5197  SSIM↑=0.8976  MS-SSIM↑=0.9277  LPIPS↓=0.1475  time=24.5s
[stage 1 | epoch 191 | step 25] loss=0.220871
[stage 1 | epoch 191 | step 50] loss=0.217658
[stage 1 | epoch 191 | step 75] loss=0.223488
[stage 1 | epoch 191 | step 100] loss=0.226648
Stage 1 Epoch 191 | L1=0.073470  PSNR↑=21.5265  SSIM↑=0.8985  MS-SSIM↑=0.9315  LPIPS↓=0.1495  time=24.5s
[stage 1 | epoch 192 | step 25] loss=0.213689
[stage 1 | epoch 192 | step 50] loss=0.216428
[stage 1 | epoch 192 | step 75] loss=0.217086
[stage 1 | epoch 192 | step 100] loss=0.220354
Stage 1 Epoch 192 | L1=0.072209  PSNR↑=21.6111  SSIM↑=0.9016  MS-SSIM↑=0.9326  LPIPS↓=0.1497  time=24.8s
[stage 1 | epoch 193 | step 25] loss=0.242266
[stage 1 | epoch 193 | step 50] loss=0.231026
[stage 1 | epoch 193 | step 75] loss=0.226256
[stage 1 | epoch 193 | step 100] loss=0.225159
Stage 1 Epoch 193 | L1=0.069765  PSNR↑=22.0510  SSIM↑=0.9054  MS-SSIM↑=0.9358  LPIPS↓=0.1434  time=28.3s
  ✅ saved stage best: stage_01_best.pt
  ✅ saved global_best.pt
[stage 1 | epoch 194 | step 25] loss=0.219131
[stage 1 | epoch 194 | step 50] loss=0.228781
[stage 1 | epoch 194 | step 75] loss=0.231829
[stage 1 | epoch 194 | step 100] loss=0.225557
Stage 1 Epoch 194 | L1=0.073759  PSNR↑=21.3752  SSIM↑=0.8989  MS-SSIM↑=0.9276  LPIPS↓=0.1518  time=25.0s
[stage 1 | epoch 195 | step 25] loss=0.234170
[stage 1 | epoch 195 | step 50] loss=0.230150
[stage 1 | epoch 195 | step 75] loss=0.226951
[stage 1 | epoch 195 | step 100] loss=0.228816
Stage 1 Epoch 195 | L1=0.071012  PSNR↑=21.8173  SSIM↑=0.9019  MS-SSIM↑=0.9320  LPIPS↓=0.1471  time=25.1s
[stage 1 | epoch 196 | step 25] loss=0.200421
[stage 1 | epoch 196 | step 50] loss=0.206831
[stage 1 | epoch 196 | step 75] loss=0.215682
[stage 1 | epoch 196 | step 100] loss=0.219460
Stage 1 Epoch 196 | L1=0.071337  PSNR↑=21.8028  SSIM↑=0.9032  MS-SSIM↑=0.9321  LPIPS↓=0.1458  time=24.6s
[stage 1 | epoch 197 | step 25] loss=0.226337
[stage 1 | epoch 197 | step 50] loss=0.230146
[stage 1 | epoch 197 | step 75] loss=0.228602
[stage 1 | epoch 197 | step 100] loss=0.234517
Stage 1 Epoch 197 | L1=0.072518  PSNR↑=21.5313  SSIM↑=0.9017  MS-SSIM↑=0.9316  LPIPS↓=0.1486  time=29.1s
[stage 1 | epoch 198 | step 25] loss=0.231400
[stage 1 | epoch 198 | step 50] loss=0.236376
[stage 1 | epoch 198 | step 75] loss=0.224919
[stage 1 | epoch 198 | step 100] loss=0.223031
Stage 1 Epoch 198 | L1=0.072157  PSNR↑=21.6255  SSIM↑=0.9016  MS-SSIM↑=0.9312  LPIPS↓=0.1470  time=24.4s
[stage 1 | epoch 199 | step 25] loss=0.210614
[stage 1 | epoch 199 | step 50] loss=0.221772
[stage 1 | epoch 199 | step 75] loss=0.223806
[stage 1 | epoch 199 | step 100] loss=0.220015
Stage 1 Epoch 199 | L1=0.072109  PSNR↑=21.6201  SSIM↑=0.9025  MS-SSIM↑=0.9332  LPIPS↓=0.1466  time=32.9s
[stage 1 | epoch 200 | step 25] loss=0.246997
[stage 1 | epoch 200 | step 50] loss=0.244599
[stage 1 | epoch 200 | step 75] loss=0.238638
[stage 1 | epoch 200 | step 100] loss=0.231740
Stage 1 Epoch 200 | L1=0.073099  PSNR↑=21.6305  SSIM↑=0.9023  MS-SSIM↑=0.9328  LPIPS↓=0.1471  time=24.5s
[FULL EVAL] stage=1 epoch=200 | PSNR↑=21.6305  SSIM↑=0.9023  MS-SSIM↑=0.9328  LPIPS↓=0.1471  NIQE↓=3.7303  UIQM↑=315.5909  UCIQE↑=inf
[stage 1 | epoch 201 | step 25] loss=0.227911
[stage 1 | epoch 201 | step 50] loss=0.223814
[stage 1 | epoch 201 | step 75] loss=0.226301
[stage 1 | epoch 201 | step 100] loss=0.222694
Stage 1 Epoch 201 | L1=0.072086  PSNR↑=21.6541  SSIM↑=0.9041  MS-SSIM↑=0.9345  LPIPS↓=0.1482  time=36.7s
[stage 1 | epoch 202 | step 25] loss=0.227781
[stage 1 | epoch 202 | step 50] loss=0.224221
[stage 1 | epoch 202 | step 75] loss=0.224936
[stage 1 | epoch 202 | step 100] loss=0.230111
Stage 1 Epoch 202 | L1=0.071596  PSNR↑=21.7635  SSIM↑=0.9032  MS-SSIM↑=0.9342  LPIPS↓=0.1463  time=25.0s
[stage 1 | epoch 203 | step 25] loss=0.225573
[stage 1 | epoch 203 | step 50] loss=0.226672
[stage 1 | epoch 203 | step 75] loss=0.223155
[stage 1 | epoch 203 | step 100] loss=0.227243
Stage 1 Epoch 203 | L1=0.072276  PSNR↑=21.6568  SSIM↑=0.9024  MS-SSIM↑=0.9344  LPIPS↓=0.1462  time=25.8s
[stage 1 | epoch 204 | step 25] loss=0.221246
[stage 1 | epoch 204 | step 50] loss=0.212144
[stage 1 | epoch 204 | step 75] loss=0.215676
[stage 1 | epoch 204 | step 100] loss=0.218460
Stage 1 Epoch 204 | L1=0.072302  PSNR↑=21.6143  SSIM↑=0.9033  MS-SSIM↑=0.9323  LPIPS↓=0.1482  time=28.8s
[stage 1 | epoch 205 | step 25] loss=0.246086
[stage 1 | epoch 205 | step 50] loss=0.234718
[stage 1 | epoch 205 | step 75] loss=0.225949
[stage 1 | epoch 205 | step 100] loss=0.226715
Stage 1 Epoch 205 | L1=0.071102  PSNR↑=21.7997  SSIM↑=0.9036  MS-SSIM↑=0.9330  LPIPS↓=0.1464  time=27.2s
[stage 1 | epoch 206 | step 25] loss=0.230420
[stage 1 | epoch 206 | step 50] loss=0.226569
[stage 1 | epoch 206 | step 75] loss=0.225297
[stage 1 | epoch 206 | step 100] loss=0.232040
Stage 1 Epoch 206 | L1=0.073709  PSNR↑=21.4483  SSIM↑=0.8983  MS-SSIM↑=0.9275  LPIPS↓=0.1493  time=2[stage 1 | epoch 207 | step 25] loss=0.225628
[stage 1 | epoch 207 | step 50] loss=0.226494
[stage 1 | epoch 207 | step 75] loss=0.232801
[stage 1 | epoch 207 | step 100] loss=0.226444
Stage 1 Epoch 207 | L1=0.072901  PSNR↑=21.5637  SSIM↑=0.9028  MS-SSIM↑=0.9321  LPIPS↓=0.1455  time=29.9s
[stage 1 | epoch 208 | step 25] loss=0.218056
[stage 1 | epoch 208 | step 50] loss=0.217162
[stage 1 | epoch 208 | step 75] loss=0.219411
[stage 1 | epoch 208 | step 100] loss=0.219492
Stage 1 Epoch 208 | L1=0.072501  PSNR↑=21.6661  SSIM↑=0.9018  MS-SSIM↑=0.9321  LPIPS↓=0.1453  time=24.2s
[stage 1 | epoch 209 | step 25] loss=0.236196
[stage 1 | epoch 209 | step 50] loss=0.233220
[stage 1 | epoch 209 | step 75] loss=0.232844
[stage 1 | epoch 209 | step 100] loss=0.232479
Stage 1 Epoch 209 | L1=0.072337  PSNR↑=21.7750  SSIM↑=0.9050  MS-SSIM↑=0.9325  LPIPS↓=0.1463  time=27.6s
[stage 1 | epoch 210 | step 25] loss=0.214018
[stage 1 | epoch 210 | step 50] loss=0.218796
[stage 1 | epoch 210 | step 75] loss=0.221650
[stage 1 | epoch 210 | step 100] loss=0.223654
Stage 1 Epoch 210 | L1=0.072747  PSNR↑=21.5066  SSIM↑=0.8998  MS-SSIM↑=0.9303  LPIPS↓=0.1503  time=39.1s
[stage 1 | epoch 211 | step 25] loss=0.231841
[stage 1 | epoch 211 | step 50] loss=0.231796
[stage 1 | epoch 211 | step 75] loss=0.226246
[stage 1 | epoch 211 | step 100] loss=0.225558
Stage 1 Epoch 211 | L1=0.072468  PSNR↑=21.6359  SSIM↑=0.9022  MS-SSIM↑=0.9326  LPIPS↓=0.1465  time=44.3s
[stage 1 | epoch 212 | step 25] loss=0.212731
[stage 1 | epoch 212 | step 50] loss=0.221331
[stage 1 | epoch 212 | step 75] loss=0.220694
[stage 1 | epoch 212 | step 100] loss=0.223316
Stage 1 Epoch 212 | L1=0.072731  PSNR↑=21.6558  SSIM↑=0.9004  MS-SSIM↑=0.9319  LPIPS↓=0.1458  time=42.4s
[stage 1 | epoch 213 | step 25] loss=0.218892
[stage 1 | epoch 213 | step 50] loss=0.218863
[stage 1 | epoch 213 | step 75] loss=0.220825
[stage 1 | epoch 213 | step 100] loss=0.224107
Stage 1 Epoch 213 | L1=0.071181  PSNR↑=21.8307  SSIM↑=0.9037  MS-SSIM↑=0.9334  LPIPS↓=0.1455  time=40.8s
[stage 1 | epoch 214 | step 25] loss=0.234965
[stage 1 | epoch 214 | step 50] loss=0.224226
[stage 1 | epoch 214 | step 75] loss=0.226390
[stage 1 | epoch 214 | step 100] loss=0.225031
Stage 1 Epoch 214 | L1=0.072517  PSNR↑=21.6383  SSIM↑=0.9013  MS-SSIM↑=0.9315  LPIPS↓=0.1462  time=33.5s
[stage 1 | epoch 215 | step 25] loss=0.217648
[stage 1 | epoch 215 | step 50] loss=0.218828
[stage 1 | epoch 215 | step 75] loss=0.222701
[stage 1 | epoch 215 | step 100] loss=0.221086
Stage 1 Epoch 215 | L1=0.072423  PSNR↑=21.7171  SSIM↑=0.9018  MS-SSIM↑=0.9327  LPIPS↓=0.1455  time=29.5s
[stage 1 | epoch 216 | step 25] loss=0.223760
[stage 1 | epoch 216 | step 50] loss=0.219835
[stage 1 | epoch 216 | step 75] loss=0.229928
[stage 1 | epoch 216 | step 100] loss=0.228499
Stage 1 Epoch 216 | L1=0.074914  PSNR↑=21.3683  SSIM↑=0.8992  MS-SSIM↑=0.9281  LPIPS↓=0.1507  time=53.4s
[stage 1 | epoch 217 | step 25] loss=0.210382
[stage 1 | epoch 217 | step 50] loss=0.198223
[stage 1 | epoch 217 | step 75] loss=0.201191
[stage 1 | epoch 217 | step 100] loss=0.205051
Stage 1 Epoch 217 | L1=0.070645  PSNR↑=21.9646  SSIM↑=0.9080  MS-SSIM↑=0.9358  LPIPS↓=0.1449  time=41.6s
[stage 1 | epoch 218 | step 25] loss=0.236464
[stage 1 | epoch 218 | step 50] loss=0.235025
[stage 1 | epoch 218 | step 75] loss=0.229472
[stage 1 | epoch 218 | step 100] loss=0.226272
Stage 1 Epoch 218 | L1=0.070391  PSNR↑=21.9038  SSIM↑=0.9043  MS-SSIM↑=0.9327  LPIPS↓=0.1437  time=29.7s
[stage 1 | epoch 219 | step 25] loss=0.235884
[stage 1 | epoch 219 | step 50] loss=0.227600
[stage 1 | epoch 219 | step 75] loss=0.225586
[stage 1 | epoch 219 | step 100] loss=0.225579
Stage 1 Epoch 219 | L1=0.071120  PSNR↑=21.8539  SSIM↑=0.9066  MS-SSIM↑=0.9342  LPIPS↓=0.1451  time=40.9s
[stage 1 | epoch 220 | step 25] loss=0.235109
[stage 1 | epoch 220 | step 50] loss=0.230026
[stage 1 | epoch 220 | step 75] loss=0.228880
[stage 1 | epoch 220 | step 100] loss=0.226311
Stage 1 Epoch 220 | L1=0.071455  PSNR↑=21.7804  SSIM↑=0.9020  MS-SSIM↑=0.9315  LPIPS↓=0.1460  time=32.9s
[FULL EVAL] stage=1 epoch=220 | PSNR↑=21.7804  SSIM↑=0.9020  MS-SSIM↑=0.9315  LPIPS↓=0.1460  NIQE↓=3.7385  UIQM↑=312.5018  UCIQE↑=inf
[stage 1 | epoch 221 | step 25] loss=0.229785
[stage 1 | epoch 221 | step 50] loss=0.220114
[stage 1 | epoch 221 | step 75] loss=0.214852
[stage 1 | epoch 221 | step 100] loss=0.216343
Stage 1 Epoch 221 | L1=0.071229  PSNR↑=21.8322  SSIM↑=0.9055  MS-SSIM↑=0.9359  LPIPS↓=0.1460  time=24.2s
[stage 1 | epoch 222 | step 25] loss=0.221066
[stage 1 | epoch 222 | step 50] loss=0.221086
[stage 1 | epoch 222 | step 75] loss=0.220346
[stage 1 | epoch 222 | step 100] loss=0.223675
Stage 1 Epoch 222 | L1=0.071543  PSNR↑=21.6495  SSIM↑=0.9027  MS-SSIM↑=0.9323  LPIPS↓=0.1476  time=30.3s
[stage 1 | epoch 223 | step 25] loss=0.230882
[stage 1 | epoch 223 | step 50] loss=0.231538
[stage 1 | epoch 223 | step 75] loss=0.223269
[stage 1 | epoch 223 | step 100] loss=0.218930
Stage 1 Epoch 223 | L1=0.071492  PSNR↑=21.7860  SSIM↑=0.9048  MS-SSIM↑=0.9347  LPIPS↓=0.1451  time=37.1s
[stage 1 | epoch 224 | step 25] loss=0.232829
[stage 1 | epoch 224 | step 50] loss=0.229290
[stage 1 | epoch 224 | step 75] loss=0.230542
[stage 1 | epoch 224 | step 100] loss=0.227300
Stage 1 Epoch 224 | L1=0.072885  PSNR↑=21.6583  SSIM↑=0.8998  MS-SSIM↑=0.9288  LPIPS↓=0.1468  time=46.6s
[stage 1 | epoch 225 | step 25] loss=0.202266
[stage 1 | epoch 225 | step 50] loss=0.210029
[stage 1 | epoch 225 | step 75] loss=0.214726
[stage 1 | epoch 225 | step 100] loss=0.215206
Stage 1 Epoch 225 | L1=0.071399  PSNR↑=21.7905  SSIM↑=0.9042  MS-SSIM↑=0.9377  LPIPS↓=0.1448  time=62.9s
[stage 1 | epoch 226 | step 25] loss=0.219333
[stage 1 | epoch 226 | step 50] loss=0.221496
[stage 1 | epoch 226 | step 75] loss=0.214121
[stage 1 | epoch 226 | step 100] loss=0.217789
Stage 1 Epoch 226 | L1=0.071936  PSNR↑=21.7092  SSIM↑=0.9059  MS-SSIM↑=0.9339  LPIPS↓=0.1465  time=29.3s
[stage 1 | epoch 227 | step 25] loss=0.221683
[stage 1 | epoch 227 | step 50] loss=0.225038
[stage 1 | epoch 227 | step 75] loss=0.222668
[stage 1 | epoch 227 | step 100] loss=0.224699
Stage 1 Epoch 227 | L1=0.072203  PSNR↑=21.5933  SSIM↑=0.9036  MS-SSIM↑=0.9345  LPIPS↓=0.1483  time=25.0s
[stage 1 | epoch 228 | step 25] loss=0.237444
[stage 1 | epoch 228 | step 50] loss=0.227529
[stage 1 | epoch 228 | step 75] loss=0.232851
[stage 1 | epoch 228 | step 100] loss=0.232946
Stage 1 Epoch 228 | L1=0.073045  PSNR↑=21.6023  SSIM↑=0.9004  MS-SSIM↑=0.9302  LPIPS↓=0.1477  time=38.7s
[stage 1 | epoch 229 | step 25] loss=0.226394
[stage 1 | epoch 229 | step 50] loss=0.224658
[stage 1 | epoch 229 | step 75] loss=0.224129
[stage 1 | epoch 229 | step 100] loss=0.227119
Stage 1 Epoch 229 | L1=0.072392  PSNR↑=21.6411  SSIM↑=0.9010  MS-SSIM↑=0.9324  LPIPS↓=0.1484  time=24.7s
[stage 1 | epoch 230 | step 25] loss=0.234775
[stage 1 | epoch 230 | step 50] loss=0.231972
[stage 1 | epoch 230 | step 75] loss=0.227361
[stage 1 | epoch 230 | step 100] loss=0.234991
Stage 1 Epoch 230 | L1=0.073131  PSNR↑=21.5433  SSIM↑=0.8994  MS-SSIM↑=0.9294  LPIPS↓=0.1489  time=24.8s
[stage 1 | epoch 231 | step 25] loss=0.211357
[stage 1 | epoch 231 | step 50] loss=0.222274
[stage 1 | epoch 231 | step 75] loss=0.222377
[stage 1 | epoch 231 | step 100] loss=0.219536
Stage 1 Epoch 231 | L1=0.072666  PSNR↑=21.6506  SSIM↑=0.9004  MS-SSIM↑=0.9327  LPIPS↓=0.1481  time=32.0s
[stage 1 | epoch 232 | step 25] loss=0.228098
[stage 1 | epoch 232 | step 50] loss=0.222975
[stage 1 | epoch 232 | step 75] loss=0.222509
[stage 1 | epoch 232 | step 100] loss=0.224554
Stage 1 Epoch 232 | L1=0.074401  PSNR↑=21.3412  SSIM↑=0.8974  MS-SSIM↑=0.9298  LPIPS↓=0.1523  time=37.4s
[stage 1 | epoch 233 | step 25] loss=0.227400
[stage 1 | epoch 233 | step 50] loss=0.232243
[stage 1 | epoch 233 | step 75] loss=0.229287
[stage 1 | epoch 233 | step 100] loss=0.226517
Stage 1 Epoch 233 | L1=0.073164  PSNR↑=21.5931  SSIM↑=0.9016  MS-SSIM↑=0.9347  LPIPS↓=0.1480  time=44.9s
[stage 1 | epoch 234 | step 25] loss=0.230235
[stage 1 | epoch 234 | step 50] loss=0.235724
[stage 1 | epoch 234 | step 75] loss=0.230599
[stage 1 | epoch 234 | step 100] loss=0.226822
Stage 1 Epoch 234 | L1=0.071109  PSNR↑=21.8542  SSIM↑=0.9042  MS-SSIM↑=0.9340  LPIPS↓=0.1451  time=59.0s
[stage 1 | epoch 235 | step 25] loss=0.219681
[stage 1 | epoch 235 | step 50] loss=0.217674
[stage 1 | epoch 235 | step 75] loss=0.219174
[stage 1 | epoch 235 | step 100] loss=0.224032
Stage 1 Epoch 235 | L1=0.072862  PSNR↑=21.6403  SSIM↑=0.9030  MS-SSIM↑=0.9323  LPIPS↓=0.1490  time=24.4s
[stage 1 | epoch 236 | step 25] loss=0.223975
[stage 1 | epoch 236 | step 50] loss=0.213299
[stage 1 | epoch 236 | step 75] loss=0.218119
[stage 1 | epoch 236 | step 100] loss=0.217386
Stage 1 Epoch 236 | L1=0.074447  PSNR↑=21.3386  SSIM↑=0.8993  MS-SSIM↑=0.9283  LPIPS↓=0.1512  time=24.3s
[stage 1 | epoch 237 | step 25] loss=0.213860
[stage 1 | epoch 237 | step 50] loss=0.219762
[stage 1 | epoch 237 | step 75] loss=0.224866
[stage 1 | epoch 237 | step 100] loss=0.223650
Stage 1 Epoch 237 | L1=0.071616  PSNR↑=21.7989  SSIM↑=0.9055  MS-SSIM↑=0.9356  LPIPS↓=0.1458  time=24.8s
[stage 1 | epoch 238 | step 25] loss=0.226911
[stage 1 | epoch 238 | step 50] loss=0.232803
[stage 1 | epoch 238 | step 75] loss=0.232647
[stage 1 | epoch 238 | step 100] loss=0.226736
Stage 1 Epoch 238 | L1=0.071929  PSNR↑=21.7091  SSIM↑=0.9014  MS-SSIM↑=0.9333  LPIPS↓=0.1464  time=24.6s
[stage 1 | epoch 239 | step 25] loss=0.226142
[stage 1 | epoch 239 | step 50] loss=0.224172
[stage 1 | epoch 239 | step 75] loss=0.223785
[stage 1 | epoch 239 | step 100] loss=0.221851
Stage 1 Epoch 239 | L1=0.072389  PSNR↑=21.5902  SSIM↑=0.9024  MS-SSIM↑=0.9340  LPIPS↓=0.1487  time=24.3s
[stage 1 | epoch 240 | step 25] loss=0.237339
[stage 1 | epoch 240 | step 50] loss=0.232779
[stage 1 | epoch 240 | step 75] loss=0.223953
[stage 1 | epoch 240 | step 100] loss=0.221992
Stage 1 Epoch 240 | L1=0.072339  PSNR↑=21.6429  SSIM↑=0.9039  MS-SSIM↑=0.9340  LPIPS↓=0.1477  time=24.8s
[FULL EVAL] stage=1 epoch=240 | PSNR↑=21.6429  SSIM↑=0.9039  MS-SSIM↑=0.9340  LPIPS↓=0.1477  NIQE↓=3.7370  UIQM↑=316.6042  UCIQE↑=inf
[stage 1 | epoch 241 | step 25] loss=0.234282
[stage 1 | epoch 241 | step 50] loss=0.230760
[stage 1 | epoch 241 | step 75] loss=0.231480
[stage 1 | epoch 241 | step 100] loss=0.229263
Stage 1 Epoch 241 | L1=0.071564  PSNR↑=21.7763  SSIM↑=0.9038  MS-SSIM↑=0.9342  LPIPS↓=0.1467  time=24.7s
[stage 1 | epoch 242 | step 25] loss=0.203772
[stage 1 | epoch 242 | step 50] loss=0.207435
[stage 1 | epoch 242 | step 75] loss=0.211690
[stage 1 | epoch 242 | step 100] loss=0.212264
Stage 1 Epoch 242 | L1=0.071250  PSNR↑=21.7819  SSIM↑=0.9057  MS-SSIM↑=0.9348  LPIPS↓=0.1446  time=25.3s
[stage 1 | epoch 243 | step 25] loss=0.235193
[stage 1 | epoch 243 | step 50] loss=0.230087
[stage 1 | epoch 243 | step 75] loss=0.230230
[stage 1 | epoch 243 | step 100] loss=0.225247
Stage 1 Epoch 243 | L1=0.072470  PSNR↑=21.6774  SSIM↑=0.9018  MS-SSIM↑=0.9323  LPIPS↓=0.1485  time=24.7s
[stage 1 | epoch 244 | step 25] loss=0.229705
[stage 1 | epoch 244 | step 50] loss=0.225593
[stage 1 | epoch 244 | step 75] loss=0.222114
[stage 1 | epoch 244 | step 100] loss=0.224376
Stage 1 Epoch 244 | L1=0.071489  PSNR↑=21.8044  SSIM↑=0.9045  MS-SSIM↑=0.9338  LPIPS↓=0.1466  time=24.7s
[stage 1 | epoch 245 | step 25] loss=0.227328
[stage 1 | epoch 245 | step 50] loss=0.227509
[stage 1 | epoch 245 | step 75] loss=0.231304
[stage 1 | epoch 245 | step 100] loss=0.225479
Stage 1 Epoch 245 | L1=0.072520  PSNR↑=21.6444  SSIM↑=0.9032  MS-SSIM↑=0.9340  LPIPS↓=0.1500  time=24.2s
[stage 1 | epoch 246 | step 25] loss=0.215892
[stage 1 | epoch 246 | step 50] loss=0.218949
[stage 1 | epoch 246 | step 75] loss=0.224105
[stage 1 | epoch 246 | step 100] loss=0.222746
Stage 1 Epoch 246 | L1=0.072771  PSNR↑=21.6576  SSIM↑=0.9026  MS-SSIM↑=0.9328  LPIPS↓=0.1471  time=24.6s
[stage 1 | epoch 247 | step 25] loss=0.234906
[stage 1 | epoch 247 | step 50] loss=0.222911
[stage 1 | epoch 247 | step 75] loss=0.223447
[stage 1 | epoch 247 | step 100] loss=0.221566
Stage 1 Epoch 247 | L1=0.071858  PSNR↑=21.7732  SSIM↑=0.9020  MS-SSIM↑=0.9327  LPIPS↓=0.1466  time=24.6s
[stage 1 | epoch 248 | step 25] loss=0.236695
[stage 1 | epoch 248 | step 50] loss=0.235141
[stage 1 | epoch 248 | step 75] loss=0.227772
[stage 1 | epoch 248 | step 100] loss=0.223318
Stage 1 Epoch 248 | L1=0.071426  PSNR↑=21.8224  SSIM↑=0.9032  MS-SSIM↑=0.9354  LPIPS↓=0.1464  time=25.7s
[stage 1 | epoch 249 | step 25] loss=0.204687
[stage 1 | epoch 249 | step 50] loss=0.216467
[stage 1 | epoch 249 | step 75] loss=0.217826
[stage 1 | epoch 249 | step 100] loss=0.223105
Stage 1 Epoch 249 | L1=0.073488  PSNR↑=21.5756  SSIM↑=0.9003  MS-SSIM↑=0.9319  LPIPS↓=0.1472  time=26.1s
[stage 1 | epoch 250 | step 25] loss=0.216116
[stage 1 | epoch 250 | step 50] loss=0.225218
[stage 1 | epoch 250 | step 75] loss=0.226299
[stage 1 | epoch 250 | step 100] loss=0.225806
Stage 1 Epoch 250 | L1=0.071891  PSNR↑=21.7574  SSIM↑=0.9044  MS-SSIM↑=0.9342  LPIPS↓=0.1454  time=26.8s
[stage 1 | epoch 251 | step 25] loss=0.227769
[stage 1 | epoch 251 | step 50] loss=0.220517
[stage 1 | epoch 251 | step 75] loss=0.222661
[stage 1 | epoch 251 | step 100] loss=0.224651
Stage 1 Epoch 251 | L1=0.072557  PSNR↑=21.5694  SSIM↑=0.8996  MS-SSIM↑=0.9299  LPIPS↓=0.1504  time=33.0s
[stage 1 | epoch 252 | step 25] loss=0.231005
[stage 1 | epoch 252 | step 50] loss=0.229718
[stage 1 | epoch 252 | step 75] loss=0.229843
[stage 1 | epoch 252 | step 100] loss=0.230825
Stage 1 Epoch 252 | L1=0.073485  PSNR↑=21.5883  SSIM↑=0.9006  MS-SSIM↑=0.9308  LPIPS↓=0.1487  time=24.4s
[stage 1 | epoch 253 | step 25] loss=0.243148
[stage 1 | epoch 253 | step 50] loss=0.232370
[stage 1 | epoch 253 | step 75] loss=0.227817
[stage 1 | epoch 253 | step 100] loss=0.225092
Stage 1 Epoch 253 | L1=0.072810  PSNR↑=21.6184  SSIM↑=0.9038  MS-SSIM↑=0.9329  LPIPS↓=0.1478  time=25.3s
[stage 1 | epoch 254 | step 25] loss=0.210542
[stage 1 | epoch 254 | step 50] loss=0.221613
[stage 1 | epoch 254 | step 75] loss=0.217595
[stage 1 | epoch 254 | step 100] loss=0.218631
Stage 1 Epoch 254 | L1=0.073277  PSNR↑=21.6043  SSIM↑=0.9002  MS-SSIM↑=0.9309  LPIPS↓=0.1483  time=24.6s
[stage 1 | epoch 255 | step 25] loss=0.212116
[stage 1 | epoch 255 | step 50] loss=0.211959
[stage 1 | epoch 255 | step 75] loss=0.213902
[stage 1 | epoch 255 | step 100] loss=0.213146
Stage 1 Epoch 255 | L1=0.071007  PSNR↑=21.8831  SSIM↑=0.9049  MS-SSIM↑=0.9350  LPIPS↓=0.1455  time=24.9s
[stage 1 | epoch 256 | step 25] loss=0.225488
[stage 1 | epoch 256 | step 50] loss=0.227863
[stage 1 | epoch 256 | step 75] loss=0.225449
[stage 1 | epoch 256 | step 100] loss=0.225682
Stage 1 Epoch 256 | L1=0.071756  PSNR↑=21.8786  SSIM↑=0.9061  MS-SSIM↑=0.9351  LPIPS↓=0.1441  time=24.5s
[stage 1 | epoch 257 | step 25] loss=0.227438
[stage 1 | epoch 257 | step 50] loss=0.223193
[stage 1 | epoch 257 | step 75] loss=0.223000
[stage 1 | epoch 257 | step 100] loss=0.222983
Stage 1 Epoch 257 | L1=0.071597  PSNR↑=21.7707  SSIM↑=0.9040  MS-SSIM↑=0.9357  LPIPS↓=0.1478  time=24.9s
[stage 1 | epoch 258 | step 25] loss=0.232510
[stage 1 | epoch 258 | step 50] loss=0.228446
[stage 1 | epoch 258 | step 75] loss=0.232506
[stage 1 | epoch 258 | step 100] loss=0.231072
Stage 1 Epoch 258 | L1=0.073027  PSNR↑=21.5547  SSIM↑=0.8996  MS-SSIM↑=0.9307  LPIPS↓=0.1473  time=24.8s
[stage 1 | epoch 259 | step 25] loss=0.222594
[stage 1 | epoch 259 | step 50] loss=0.210373
[stage 1 | epoch 259 | step 75] loss=0.213018
[stage 1 | epoch 259 | step 100] loss=0.219511
Stage 1 Epoch 259 | L1=0.072619  PSNR↑=21.7174  SSIM↑=0.9023  MS-SSIM↑=0.9334  LPIPS↓=0.1479  time=24.1s
[stage 1 | epoch 260 | step 25] loss=0.220427
[stage 1 | epoch 260 | step 50] loss=0.221713
[stage 1 | epoch 260 | step 75] loss=0.221204
[stage 1 | epoch 260 | step 100] loss=0.219929
Stage 1 Epoch 260 | L1=0.072585  PSNR↑=21.6374  SSIM↑=0.9014  MS-SSIM↑=0.9348  LPIPS↓=0.1474  time=23.8s
[FULL EVAL] stage=1 epoch=260 | PSNR↑=21.6374  SSIM↑=0.9014  MS-SSIM↑=0.9348  LPIPS↓=0.1474  NIQE↓=3.7072  UIQM↑=320.1132  UCIQE↑=inf
[stage 1 | epoch 261 | step 25] loss=0.216512
[stage 1 | epoch 261 | step 50] loss=0.226145
[stage 1 | epoch 261 | step 75] loss=0.228658
[stage 1 | epoch 261 | step 100] loss=0.225825
Stage 1 Epoch 261 | L1=0.073288  PSNR↑=21.4761  SSIM↑=0.9015  MS-SSIM↑=0.9308  LPIPS↓=0.1494  time=23.9s
[stage 1 | epoch 262 | step 25] loss=0.223176
[stage 1 | epoch 262 | step 50] loss=0.226848
[stage 1 | epoch 262 | step 75] loss=0.226033
[stage 1 | epoch 262 | step 100] loss=0.225917
Stage 1 Epoch 262 | L1=0.071875  PSNR↑=21.8227  SSIM↑=0.9060  MS-SSIM↑=0.9354  LPIPS↓=0.1446  time=25.9s
[stage 1 | epoch 263 | step 25] loss=0.239799
[stage 1 | epoch 263 | step 50] loss=0.225734
[stage 1 | epoch 263 | step 75] loss=0.228338
[stage 1 | epoch 263 | step 100] loss=0.228461
Stage 1 Epoch 263 | L1=0.073767  PSNR↑=21.4756  SSIM↑=0.8985  MS-SSIM↑=0.9302  LPIPS↓=0.1493  time=23.6s
[stage 1 | epoch 264 | step 25] loss=0.237303
[stage 1 | epoch 264 | step 50] loss=0.227886
[stage 1 | epoch 264 | step 75] loss=0.225347
[stage 1 | epoch 264 | step 100] loss=0.221094
Stage 1 Epoch 264 | L1=0.074308  PSNR↑=21.4134  SSIM↑=0.8956  MS-SSIM↑=0.9301  LPIPS↓=0.1505  time=24.6s
[stage 1 | epoch 265 | step 25] loss=0.223079
[stage 1 | epoch 265 | step 50] loss=0.230012
[stage 1 | epoch 265 | step 75] loss=0.227767
[stage 1 | epoch 265 | step 100] loss=0.227561
Stage 1 Epoch 265 | L1=0.074134  PSNR↑=21.4420  SSIM↑=0.8994  MS-SSIM↑=0.9297  LPIPS↓=0.1496  time=23.5s
[stage 1 | epoch 266 | step 25] loss=0.231462
[stage 1 | epoch 266 | step 50] loss=0.219928
[stage 1 | epoch 266 | step 75] loss=0.222443
[stage 1 | epoch 266 | step 100] loss=0.228195
Stage 1 Epoch 266 | L1=0.072977  PSNR↑=21.6404  SSIM↑=0.9016  MS-SSIM↑=0.9312  LPIPS↓=0.1462  time=23.6s
[stage 1 | epoch 267 | step 25] loss=0.235704
[stage 1 | epoch 267 | step 50] loss=0.235168
[stage 1 | epoch 267 | step 75] loss=0.228247
[stage 1 | epoch 267 | step 100] loss=0.228908
Stage 1 Epoch 267 | L1=0.072952  PSNR↑=21.6205  SSIM↑=0.9013  MS-SSIM↑=0.9321  LPIPS↓=0.1478  time=23.9s
[stage 1 | epoch 268 | step 25] loss=0.237074
[stage 1 | epoch 268 | step 50] loss=0.226938
[stage 1 | epoch 268 | step 75] loss=0.222964
[stage 1 | epoch 268 | step 100] loss=0.219406
Stage 1 Epoch 268 | L1=0.072465  PSNR↑=21.7090  SSIM↑=0.9030  MS-SSIM↑=0.9346  LPIPS↓=0.1445  time=41.2s
[stage 1 | epoch 269 | step 25] loss=0.204868
[stage 1 | epoch 269 | step 50] loss=0.212523
[stage 1 | epoch 269 | step 75] loss=0.218078
[stage 1 | epoch 269 | step 100] loss=0.218244
Stage 1 Epoch 269 | L1=0.071754  PSNR↑=21.8149  SSIM↑=0.9046  MS-SSIM↑=0.9362  LPIPS↓=0.1446  time=33.1s
[stage 1 | epoch 270 | step 25] loss=0.219255
[stage 1 | epoch 270 | step 50] loss=0.220985
[stage 1 | epoch 270 | step 75] loss=0.219402
[stage 1 | epoch 270 | step 100] loss=0.219610
Stage 1 Epoch 270 | L1=0.072351  PSNR↑=21.6315  SSIM↑=0.9024  MS-SSIM↑=0.9321  LPIPS↓=0.1455  time=23.8s
[stage 1 | epoch 271 | step 25] loss=0.214510
[stage 1 | epoch 271 | step 50] loss=0.223644
[stage 1 | epoch 271 | step 75] loss=0.225402
[stage 1 | epoch 271 | step 100] loss=0.226437
Stage 1 Epoch 271 | L1=0.071268  PSNR↑=21.7803  SSIM↑=0.9038  MS-SSIM↑=0.9344  LPIPS↓=0.1459  time=23.9s
[stage 1 | epoch 272 | step 25] loss=0.222830
[stage 1 | epoch 272 | step 50] loss=0.226662
[stage 1 | epoch 272 | step 75] loss=0.224307
[stage 1 | epoch 272 | step 100] loss=0.226302
Stage 1 Epoch 272 | L1=0.073198  PSNR↑=21.5775  SSIM↑=0.8997  MS-SSIM↑=0.9304  LPIPS↓=0.1484  time=23.8s
[stage 1 | epoch 273 | step 25] loss=0.224266
[stage 1 | epoch 273 | step 50] loss=0.217888
[stage 1 | epoch 273 | step 75] loss=0.223712
[stage 1 | epoch 273 | step 100] loss=0.221424
Stage 1 Epoch 273 | L1=0.071996  PSNR↑=21.7802  SSIM↑=0.9003  MS-SSIM↑=0.9337  LPIPS↓=0.1479  time=24.4s
[stage 1 | epoch 274 | step 25] loss=0.225596
[stage 1 | epoch 274 | step 50] loss=0.223335
[stage 1 | epoch 274 | step 75] loss=0.224376
[stage 1 | epoch 274 | step 100] loss=0.220437
Stage 1 Epoch 274 | L1=0.072896  PSNR↑=21.6251  SSIM↑=0.9023  MS-SSIM↑=0.9327  LPIPS↓=0.1474  time=23.7s
[stage 1 | epoch 275 | step 25] loss=0.209361
[stage 1 | epoch 275 | step 50] loss=0.219304
[stage 1 | epoch 275 | step 75] loss=0.217722
[stage 1 | epoch 275 | step 100] loss=0.222259
Stage 1 Epoch 275 | L1=0.071745  PSNR↑=21.7382  SSIM↑=0.9034  MS-SSIM↑=0.9335  LPIPS↓=0.1479  time=24.0s
[stage 1 | epoch 276 | step 25] loss=0.231829
[stage 1 | epoch 276 | step 50] loss=0.233718
[stage 1 | epoch 276 | step 75] loss=0.231236
[stage 1 | epoch 276 | step 100] loss=0.225160
Stage 1 Epoch 276 | L1=0.072321  PSNR↑=21.6529  SSIM↑=0.9022  MS-SSIM↑=0.9331  LPIPS↓=0.1484  time=23.7s
[stage 1 | epoch 277 | step 25] loss=0.210046
[stage 1 | epoch 277 | step 50] loss=0.219932
[stage 1 | epoch 277 | step 75] loss=0.222038
[stage 1 | epoch 277 | step 100] loss=0.223403
Stage 1 Epoch 277 | L1=0.071022  PSNR↑=21.8432  SSIM↑=0.9024  MS-SSIM↑=0.9327  LPIPS↓=0.1458  time=24.0s
[stage 1 | epoch 278 | step 25] loss=0.220355
[stage 1 | epoch 278 | step 50] loss=0.232579
[stage 1 | epoch 278 | step 75] loss=0.227725
[stage 1 | epoch 278 | step 100] loss=0.231471
Stage 1 Epoch 278 | L1=0.073604  PSNR↑=21.5438  SSIM↑=0.8985  MS-SSIM↑=0.9300  LPIPS↓=0.1495  time=23.8s
[stage 1 | epoch 279 | step 25] loss=0.232394
[stage 1 | epoch 279 | step 50] loss=0.227121
[stage 1 | epoch 279 | step 75] loss=0.224635
[stage 1 | epoch 279 | step 100] loss=0.224735
Stage 1 Epoch 279 | L1=0.076277  PSNR↑=21.1976  SSIM↑=0.8954  MS-SSIM↑=0.9259  LPIPS↓=0.1527  time=23.8s
[stage 1 | epoch 280 | step 25] loss=0.228542
[stage 1 | epoch 280 | step 50] loss=0.227468
[stage 1 | epoch 280 | step 75] loss=0.228730
[stage 1 | epoch 280 | step 100] loss=0.230764
Stage 1 Epoch 280 | L1=0.073305  PSNR↑=21.4988  SSIM↑=0.8993  MS-SSIM↑=0.9310  LPIPS↓=0.1484  time=23.8s
[FULL EVAL] stage=1 epoch=280 | PSNR↑=21.4988  SSIM↑=0.8993  MS-SSIM↑=0.9310  LPIPS↓=0.1484  NIQE↓=3.7313  UIQM↑=306.4993  UCIQE↑=inf
[stage 1 | epoch 281 | step 25] loss=0.220466
[stage 1 | epoch 281 | step 50] loss=0.227014
[stage 1 | epoch 281 | step 75] loss=0.226062
[stage 1 | epoch 281 | step 100] loss=0.224687
Stage 1 Epoch 281 | L1=0.072414  PSNR↑=21.6555  SSIM↑=0.9002  MS-SSIM↑=0.9301  LPIPS↓=0.1469  time=24.5s
[stage 1 | epoch 282 | step 25] loss=0.207959
[stage 1 | epoch 282 | step 50] loss=0.213254
[stage 1 | epoch 282 | step 75] loss=0.215031
[stage 1 | epoch 282 | step 100] loss=0.218590
Stage 1 Epoch 282 | L1=0.072494  PSNR↑=21.7231  SSIM↑=0.9020  MS-SSIM↑=0.9330  LPIPS↓=0.1448  time=23.7s
[stage 1 | epoch 283 | step 25] loss=0.219415
[stage 1 | epoch 283 | step 50] loss=0.221789
[stage 1 | epoch 283 | step 75] loss=0.221933
[stage 1 | epoch 283 | step 100] loss=0.217941
Stage 1 Epoch 283 | L1=0.072225  PSNR↑=21.7190  SSIM↑=0.9036  MS-SSIM↑=0.9339  LPIPS↓=0.1480  time=23.7s
[stage 1 | epoch 284 | step 25] loss=0.223552
[stage 1 | epoch 284 | step 50] loss=0.218704
[stage 1 | epoch 284 | step 75] loss=0.215912
[stage 1 | epoch 284 | step 100] loss=0.219589
Stage 1 Epoch 284 | L1=0.070784  PSNR↑=21.8398  SSIM↑=0.9066  MS-SSIM↑=0.9347  LPIPS↓=0.1459  time=24.3s
[stage 1 | epoch 285 | step 25] loss=0.231825
[stage 1 | epoch 285 | step 50] loss=0.230453
[stage 1 | epoch 285 | step 75] loss=0.226536
[stage 1 | epoch 285 | step 100] loss=0.225193
Stage 1 Epoch 285 | L1=0.072140  PSNR↑=21.7500  SSIM↑=0.9041  MS-SSIM↑=0.9337  LPIPS↓=0.1458  time=47.2s
[stage 1 | epoch 286 | step 25] loss=0.223611
[stage 1 | epoch 286 | step 50] loss=0.222241
[stage 1 | epoch 286 | step 75] loss=0.217288
[stage 1 | epoch 286 | step 100] loss=0.218059
Stage 1 Epoch 286 | L1=0.071399  PSNR↑=21.7754  SSIM↑=0.9032  MS-SSIM↑=0.9342  LPIPS↓=0.1461  time=40.3s
[stage 1 | epoch 287 | step 25] loss=0.225904
[stage 1 | epoch 287 | step 50] loss=0.221778
[stage 1 | epoch 287 | step 75] loss=0.219725
[stage 1 | epoch 287 | step 100] loss=0.223700
Stage 1 Epoch 287 | L1=0.070699  PSNR↑=22.0110  SSIM↑=0.9056  MS-SSIM↑=0.9363  LPIPS↓=0.1435  time=33.2s
[stage 1 | epoch 288 | step 25] loss=0.229759
[stage 1 | epoch 288 | step 50] loss=0.229897
[stage 1 | epoch 288 | step 75] loss=0.226876
[stage 1 | epoch 288 | step 100] loss=0.223879
Stage 1 Epoch 288 | L1=0.072730  PSNR↑=21.7211  SSIM↑=0.9009  MS-SSIM↑=0.9331  LPIPS↓=0.1461  time=45.8s
[stage 1 | epoch 289 | step 25] loss=0.219135
[stage 1 | epoch 289 | step 50] loss=0.230474
[stage 1 | epoch 289 | step 75] loss=0.224089
[stage 1 | epoch 289 | step 100] loss=0.229737
Stage 1 Epoch 289 | L1=0.073201  PSNR↑=21.6490  SSIM↑=0.9007  MS-SSIM↑=0.9332  LPIPS↓=0.1477  time=23.9s
[stage 1 | epoch 290 | step 25] loss=0.227589
[stage 1 | epoch 290 | step 50] loss=0.233818
[stage 1 | epoch 290 | step 75] loss=0.230071
[stage 1 | epoch 290 | step 100] loss=0.228181
Stage 1 Epoch 290 | L1=0.071620  PSNR↑=21.8493  SSIM↑=0.9019  MS-SSIM↑=0.9326  LPIPS↓=0.1445  time=24.2s
[stage 1 | epoch 291 | step 25] loss=0.225819
[stage 1 | epoch 291 | step 50] loss=0.230614
[stage 1 | epoch 291 | step 75] loss=0.226908
[stage 1 | epoch 291 | step 100] loss=0.225402
Stage 1 Epoch 291 | L1=0.072734  PSNR↑=21.5178  SSIM↑=0.9012  MS-SSIM↑=0.9295  LPIPS↓=0.1495  time=24.4s
[stage 1 | epoch 292 | step 25] loss=0.225232
[stage 1 | epoch 292 | step 50] loss=0.222522
[stage 1 | epoch 292 | step 75] loss=0.225095
[stage 1 | epoch 292 | step 100] loss=0.229748
Stage 1 Epoch 292 | L1=0.074527  PSNR↑=21.4028  SSIM↑=0.8975  MS-SSIM↑=0.9312  LPIPS↓=0.1482  time=23.8s
[stage 1 | epoch 293 | step 25] loss=0.220151
[stage 1 | epoch 293 | step 50] loss=0.209016
[stage 1 | epoch 293 | step 75] loss=0.215424
[stage 1 | epoch 293 | step 100] loss=0.222375
Stage 1 Epoch 293 | L1=0.072996  PSNR↑=21.5416  SSIM↑=0.8995  MS-SSIM↑=0.9312  LPIPS↓=0.1487  time=23.9s
[stage 1 | epoch 294 | step 25] loss=0.215853
[stage 1 | epoch 294 | step 50] loss=0.221521
[stage 1 | epoch 294 | step 75] loss=0.217519
[stage 1 | epoch 294 | step 100] loss=0.217626
Stage 1 Epoch 294 | L1=0.072930  PSNR↑=21.6634  SSIM↑=0.9038  MS-SSIM↑=0.9323  LPIPS↓=0.1454  time=23.4s
[stage 1 | epoch 295 | step 25] loss=0.207864
[stage 1 | epoch 295 | step 50] loss=0.213751
[stage 1 | epoch 295 | step 75] loss=0.217505
[stage 1 | epoch 295 | step 100] loss=0.218134
Stage 1 Epoch 295 | L1=0.073105  PSNR↑=21.5325  SSIM↑=0.9022  MS-SSIM↑=0.9331  LPIPS↓=0.1491  time=23.8s
[stage 1 | epoch 296 | step 25] loss=0.209730
[stage 1 | epoch 296 | step 50] loss=0.214924
[stage 1 | epoch 296 | step 75] loss=0.222920
[stage 1 | epoch 296 | step 100] loss=0.222961
Stage 1 Epoch 296 | L1=0.073669  PSNR↑=21.6498  SSIM↑=0.9031  MS-SSIM↑=0.9327  LPIPS↓=0.1481  time=24.3s
[stage 1 | epoch 297 | step 25] loss=0.222749
[stage 1 | epoch 297 | step 50] loss=0.219307
[stage 1 | epoch 297 | step 75] loss=0.225583
[stage 1 | epoch 297 | step 100] loss=0.225839
Stage 1 Epoch 297 | L1=0.072142  PSNR↑=21.6942  SSIM↑=0.9023  MS-SSIM↑=0.9318  LPIPS↓=0.1457  time=23.8s
[stage 1 | epoch 298 | step 25] loss=0.236714
[stage 1 | epoch 298 | step 50] loss=0.227309
[stage 1 | epoch 298 | step 75] loss=0.223111
[stage 1 | epoch 298 | step 100] loss=0.224181
Stage 1 Epoch 298 | L1=0.071581  PSNR↑=21.8333  SSIM↑=0.9044  MS-SSIM↑=0.9347  LPIPS↓=0.1455  time=24.2s
[stage 1 | epoch 299 | step 25] loss=0.214941
[stage 1 | epoch 299 | step 50] loss=0.228062
[stage 1 | epoch 299 | step 75] loss=0.228937
[stage 1 | epoch 299 | step 100] loss=0.227552
Stage 1 Epoch 299 | L1=0.070715  PSNR↑=21.8459  SSIM↑=0.9053  MS-SSIM↑=0.9355  LPIPS↓=0.1444  time=24.1s
[stage 1 | epoch 300 | step 25] loss=0.234787
[stage 1 | epoch 300 | step 50] loss=0.222954
[stage 1 | epoch 300 | step 75] loss=0.224262
[stage 1 | epoch 300 | step 100] loss=0.222238
Stage 1 Epoch 300 | L1=0.071901  PSNR↑=21.7735  SSIM↑=0.9041  MS-SSIM↑=0.9337  LPIPS↓=0.1447  time=23.7s
[FULL EVAL] stage=1 epoch=300 | PSNR↑=21.7735  SSIM↑=0.9041  MS-SSIM↑=0.9337  LPIPS↓=0.1447  NIQE↓=3.7357  UIQM↑=316.5141  UCIQE↑=inf
[stage 1 | epoch 301 | step 25] loss=0.222687
[stage 1 | epoch 301 | step 50] loss=0.227861
[stage 1 | epoch 301 | step 75] loss=0.225787
[stage 1 | epoch 301 | step 100] loss=0.228397
Stage 1 Epoch 301 | L1=0.072526  PSNR↑=21.8528  SSIM↑=0.9047  MS-SSIM↑=0.9336  LPIPS↓=0.1475  time=24.0s
[stage 1 | epoch 302 | step 25] loss=0.224686
[stage 1 | epoch 302 | step 50] loss=0.223397
[stage 1 | epoch 302 | step 75] loss=0.221613
[stage 1 | epoch 302 | step 100] loss=0.222135
Stage 1 Epoch 302 | L1=0.071938  PSNR↑=21.7403  SSIM↑=0.9022  MS-SSIM↑=0.9315  LPIPS↓=0.1464  time=23.5s
[stage 1 | epoch 303 | step 25] loss=0.227016
[stage 1 | epoch 303 | step 50] loss=0.222880
[stage 1 | epoch 303 | step 75] loss=0.226053
[stage 1 | epoch 303 | step 100] loss=0.223867
Stage 1 Epoch 303 | L1=0.074389  PSNR↑=21.4208  SSIM↑=0.8987  MS-SSIM↑=0.9305  LPIPS↓=0.1496  time=24.1s
[stage 1 | epoch 304 | step 25] loss=0.214710
[stage 1 | epoch 304 | step 50] loss=0.218944
[stage 1 | epoch 304 | step 75] loss=0.221144
[stage 1 | epoch 304 | step 100] loss=0.224170
Stage 1 Epoch 304 | L1=0.070601  PSNR↑=21.9249  SSIM↑=0.9034  MS-SSIM↑=0.9343  LPIPS↓=0.1453  time=35.2s
[stage 1 | epoch 305 | step 25] loss=0.213920
[stage 1 | epoch 305 | step 50] loss=0.223666
[stage 1 | epoch 305 | step 75] loss=0.225828
[stage 1 | epoch 305 | step 100] loss=0.226405
Stage 1 Epoch 305 | L1=0.072354  PSNR↑=21.6584  SSIM↑=0.9002  MS-SSIM↑=0.9302  LPIPS↓=0.1484  time=34.3s
[stage 1 | epoch 306 | step 25] loss=0.215680
[stage 1 | epoch 306 | step 50] loss=0.215060
[stage 1 | epoch 306 | step 75] loss=0.210373
[stage 1 | epoch 306 | step 100] loss=0.215922
Stage 1 Epoch 306 | L1=0.071725  PSNR↑=21.8033  SSIM↑=0.9059  MS-SSIM↑=0.9327  LPIPS↓=0.1435  time=24.7s
[stage 1 | epoch 307 | step 25] loss=0.220397
[stage 1 | epoch 307 | step 50] loss=0.223342
[stage 1 | epoch 307 | step 75] loss=0.219442
[stage 1 | epoch 307 | step 100] loss=0.220501
Stage 1 Epoch 307 | L1=0.073501  PSNR↑=21.6103  SSIM↑=0.9007  MS-SSIM↑=0.9319  LPIPS↓=0.1471  time=27.7s
[stage 1 | epoch 308 | step 25] loss=0.218864
[stage 1 | epoch 308 | step 50] loss=0.219634
[stage 1 | epoch 308 | step 75] loss=0.222699
[stage 1 | epoch 308 | step 100] loss=0.225482
Stage 1 Epoch 308 | L1=0.073844  PSNR↑=21.5122  SSIM↑=0.8986  MS-SSIM↑=0.9311  LPIPS↓=0.1467  time=40.7s
[stage 1 | epoch 309 | step 25] loss=0.225450
[stage 1 | epoch 309 | step 50] loss=0.221502
[stage 1 | epoch 309 | step 75] loss=0.220929
[stage 1 | epoch 309 | step 100] loss=0.222746
Stage 1 Epoch 309 | L1=0.073893  PSNR↑=21.5827  SSIM↑=0.8999  MS-SSIM↑=0.9293  LPIPS↓=0.1480  time=46.6s
[stage 1 | epoch 310 | step 25] loss=0.197947
[stage 1 | epoch 310 | step 50] loss=0.203379
[stage 1 | epoch 310 | step 75] loss=0.211263
[stage 1 | epoch 310 | step 100] loss=0.211379
Stage 1 Epoch 310 | L1=0.072959  PSNR↑=21.6131  SSIM↑=0.9024  MS-SSIM↑=0.9347  LPIPS↓=0.1470  time=24.0s
[stage 1 | epoch 311 | step 25] loss=0.222875
[stage 1 | epoch 311 | step 50] loss=0.217541
[stage 1 | epoch 311 | step 75] loss=0.218282
[stage 1 | epoch 311 | step 100] loss=0.220607
Stage 1 Epoch 311 | L1=0.071440  PSNR↑=21.8057  SSIM↑=0.9061  MS-SSIM↑=0.9357  LPIPS↓=0.1454  time=24.5s
[stage 1 | epoch 312 | step 25] loss=0.222397
[stage 1 | epoch 312 | step 50] loss=0.225897
[stage 1 | epoch 312 | step 75] loss=0.225025
[stage 1 | epoch 312 | step 100] loss=0.227241
Stage 1 Epoch 312 | L1=0.072938  PSNR↑=21.6634  SSIM↑=0.9014  MS-SSIM↑=0.9327  LPIPS↓=0.1475  time=24.7s
[stage 1 | epoch 313 | step 25] loss=0.217772
[stage 1 | epoch 313 | step 50] loss=0.221888
[stage 1 | epoch 313 | step 75] loss=0.219106
[stage 1 | epoch 313 | step 100] loss=0.221649
Stage 1 Epoch 313 | L1=0.070678  PSNR↑=21.8740  SSIM↑=0.9066  MS-SSIM↑=0.9361  LPIPS↓=0.1441  time=25.0s
[stage 1 | epoch 314 | step 25] loss=0.230753
[stage 1 | epoch 314 | step 50] loss=0.230385
[stage 1 | epoch 314 | step 75] loss=0.228616
[stage 1 | epoch 314 | step 100] loss=0.229107
Stage 1 Epoch 314 | L1=0.073214  PSNR↑=21.4845  SSIM↑=0.8998  MS-SSIM↑=0.9316  LPIPS↓=0.1511  time=24.7s
[stage 1 | epoch 315 | step 25] loss=0.230544
[stage 1 | epoch 315 | step 50] loss=0.230063
[stage 1 | epoch 315 | step 75] loss=0.231307
[stage 1 | epoch 315 | step 100] loss=0.230751
Stage 1 Epoch 315 | L1=0.070377  PSNR↑=21.9053  SSIM↑=0.9040  MS-SSIM↑=0.9331  LPIPS↓=0.1445  time=24.7s
[stage 1 | epoch 316 | step 25] loss=0.232273
[stage 1 | epoch 316 | step 50] loss=0.220899
[stage 1 | epoch 316 | step 75] loss=0.224259
[stage 1 | epoch 316 | step 100] loss=0.221751
Stage 1 Epoch 316 | L1=0.072036  PSNR↑=21.7474  SSIM↑=0.9027  MS-SSIM↑=0.9332  LPIPS↓=0.1457  time=24.2s
[stage 1 | epoch 317 | step 25] loss=0.225882
[stage 1 | epoch 317 | step 50] loss=0.228617
[stage 1 | epoch 317 | step 75] loss=0.229036
[stage 1 | epoch 317 | step 100] loss=0.224450
Stage 1 Epoch 317 | L1=0.072057  PSNR↑=21.7214  SSIM↑=0.9048  MS-SSIM↑=0.9341  LPIPS↓=0.1481  time=24.8s
[stage 1 | epoch 318 | step 25] loss=0.217539
[stage 1 | epoch 318 | step 50] loss=0.217154
[stage 1 | epoch 318 | step 75] loss=0.219873
[stage 1 | epoch 318 | step 100] loss=0.219955
Stage 1 Epoch 318 | L1=0.071409  PSNR↑=21.8116  SSIM↑=0.9035  MS-SSIM↑=0.9348  LPIPS↓=0.1460  time=24.5s
[stage 1 | epoch 319 | step 25] loss=0.195217
[stage 1 | epoch 319 | step 50] loss=0.207877
[stage 1 | epoch 319 | step 75] loss=0.210654
[stage 1 | epoch 319 | step 100] loss=0.212982
Stage 1 Epoch 319 | L1=0.071632  PSNR↑=21.7672  SSIM↑=0.9039  MS-SSIM↑=0.9332  LPIPS↓=0.1478  time=24.4s
[stage 1 | epoch 320 | step 25] loss=0.218925
[stage 1 | epoch 320 | step 50] loss=0.228422
[stage 1 | epoch 320 | step 75] loss=0.221584
[stage 1 | epoch 320 | step 100] loss=0.220061
Stage 1 Epoch 320 | L1=0.071562  PSNR↑=21.8660  SSIM↑=0.9042  MS-SSIM↑=0.9340  LPIPS↓=0.1449  time=24.9s
[FULL EVAL] stage=1 epoch=320 | PSNR↑=21.8660  SSIM↑=0.9042  MS-SSIM↑=0.9340  LPIPS↓=0.1449  NIQE↓=3.7226  UIQM↑=320.1833  UCIQE↑=inf
[stage 1 | epoch 321 | step 25] loss=0.234403
[stage 1 | epoch 321 | step 50] loss=0.220020
[stage 1 | epoch 321 | step 75] loss=0.219379
[stage 1 | epoch 321 | step 100] loss=0.219105
Stage 1 Epoch 321 | L1=0.070537  PSNR↑=21.8981  SSIM↑=0.9049  MS-SSIM↑=0.9361  LPIPS↓=0.1455  time=24.7s
[stage 1 | epoch 322 | step 25] loss=0.235553
[stage 1 | epoch 322 | step 50] loss=0.222008
[stage 1 | epoch 322 | step 75] loss=0.221017
[stage 1 | epoch 322 | step 100] loss=0.225334
Stage 1 Epoch 322 | L1=0.070531  PSNR↑=21.9083  SSIM↑=0.9042  MS-SSIM↑=0.9366  LPIPS↓=0.1437  time=25.1s
[stage 1 | epoch 323 | step 25] loss=0.235270
[stage 1 | epoch 323 | step 50] loss=0.235171
[stage 1 | epoch 323 | step 75] loss=0.231982
[stage 1 | epoch 323 | step 100] loss=0.225797
Stage 1 Epoch 323 | L1=0.071606  PSNR↑=21.7140  SSIM↑=0.9013  MS-SSIM↑=0.9324  LPIPS↓=0.1467  time=24.8s
[stage 1 | epoch 324 | step 25] loss=0.238943
[stage 1 | epoch 324 | step 50] loss=0.229474
[stage 1 | epoch 324 | step 75] loss=0.227316
[stage 1 | epoch 324 | step 100] loss=0.227855
Stage 1 Epoch 324 | L1=0.071724  PSNR↑=21.8686  SSIM↑=0.9067  MS-SSIM↑=0.9350  LPIPS↓=0.1461  time=24.7s
[stage 1 | epoch 325 | step 25] loss=0.230541
[stage 1 | epoch 325 | step 50] loss=0.230752
[stage 1 | epoch 325 | step 75] loss=0.231525
[stage 1 | epoch 325 | step 100] loss=0.226126
Stage 1 Epoch 325 | L1=0.073396  PSNR↑=21.5226  SSIM↑=0.9007  MS-SSIM↑=0.9306  LPIPS↓=0.1503  time=31.3s
[stage 1 | epoch 326 | step 25] loss=0.213751
[stage 1 | epoch 326 | step 50] loss=0.218389
[stage 1 | epoch 326 | step 75] loss=0.221528
[stage 1 | epoch 326 | step 100] loss=0.217274
Stage 1 Epoch 326 | L1=0.072572  PSNR↑=21.6387  SSIM↑=0.9033  MS-SSIM↑=0.9327  LPIPS↓=0.1478  time=24.5s
[stage 1 | epoch 327 | step 25] loss=0.218919
[stage 1 | epoch 327 | step 50] loss=0.217392
[stage 1 | epoch 327 | step 75] loss=0.221423
[stage 1 | epoch 327 | step 100] loss=0.219972
Stage 1 Epoch 327 | L1=0.073285  PSNR↑=21.5403  SSIM↑=0.9016  MS-SSIM↑=0.9304  LPIPS↓=0.1461  time=25.0s
[stage 1 | epoch 328 | step 25] loss=0.223969
[stage 1 | epoch 328 | step 50] loss=0.217712
[stage 1 | epoch 328 | step 75] loss=0.219704
[stage 1 | epoch 328 | step 100] loss=0.220951
Stage 1 Epoch 328 | L1=0.072513  PSNR↑=21.5958  SSIM↑=0.9016  MS-SSIM↑=0.9322  LPIPS↓=0.1489  time=24.2s
[stage 1 | epoch 329 | step 25] loss=0.219122
[stage 1 | epoch 329 | step 50] loss=0.211477
[stage 1 | epoch 329 | step 75] loss=0.218729
[stage 1 | epoch 329 | step 100] loss=0.216837
Stage 1 Epoch 329 | L1=0.072403  PSNR↑=21.7755  SSIM↑=0.9032  MS-SSIM↑=0.9358  LPIPS↓=0.1449  time=25.0s
[stage 1 | epoch 330 | step 25] loss=0.217657
[stage 1 | epoch 330 | step 50] loss=0.222910
[stage 1 | epoch 330 | step 75] loss=0.220955
[stage 1 | epoch 330 | step 100] loss=0.223180
Stage 1 Epoch 330 | L1=0.071532  PSNR↑=21.8290  SSIM↑=0.9026  MS-SSIM↑=0.9348  LPIPS↓=0.1449  time=25.1s
[stage 1 | epoch 331 | step 25] loss=0.216704
[stage 1 | epoch 331 | step 50] loss=0.221453
[stage 1 | epoch 331 | step 75] loss=0.221008
[stage 1 | epoch 331 | step 100] loss=0.221574
Stage 1 Epoch 331 | L1=0.071561  PSNR↑=21.8430  SSIM↑=0.9026  MS-SSIM↑=0.9328  LPIPS↓=0.1448  time=24.4s
[stage 1 | epoch 332 | step 25] loss=0.231442
[stage 1 | epoch 332 | step 50] loss=0.225692
[stage 1 | epoch 332 | step 75] loss=0.224758
[stage 1 | epoch 332 | step 100] loss=0.226725
Stage 1 Epoch 332 | L1=0.072732  PSNR↑=21.6270  SSIM↑=0.9012  MS-SSIM↑=0.9306  LPIPS↓=0.1484  time=24.9s
[stage 1 | epoch 333 | step 25] loss=0.224142
[stage 1 | epoch 333 | step 50] loss=0.233294
[stage 1 | epoch 333 | step 75] loss=0.232066
[stage 1 | epoch 333 | step 100] loss=0.235353
Stage 1 Epoch 333 | L1=0.073014  PSNR↑=21.5730  SSIM↑=0.8986  MS-SSIM↑=0.9313  LPIPS↓=0.1489  time=24.5s
[stage 1 | epoch 334 | step 25] loss=0.206687
[stage 1 | epoch 334 | step 50] loss=0.211241
[stage 1 | epoch 334 | step 75] loss=0.212221
[stage 1 | epoch 334 | step 100] loss=0.214212
Stage 1 Epoch 334 | L1=0.070027  PSNR↑=22.0011  SSIM↑=0.9070  MS-SSIM↑=0.9363  LPIPS↓=0.1427  time=24.9s
[stage 1 | epoch 335 | step 25] loss=0.232447
[stage 1 | epoch 335 | step 50] loss=0.223262
[stage 1 | epoch 335 | step 75] loss=0.225341
[stage 1 | epoch 335 | step 100] loss=0.223966
Stage 1 Epoch 335 | L1=0.071837  PSNR↑=21.7078  SSIM↑=0.9051  MS-SSIM↑=0.9361  LPIPS↓=0.1470  time=24.6s
[stage 1 | epoch 336 | step 25] loss=0.227981
[stage 1 | epoch 336 | step 50] loss=0.229259
[stage 1 | epoch 336 | step 75] loss=0.230870
[stage 1 | epoch 336 | step 100] loss=0.228932
Stage 1 Epoch 336 | L1=0.073195  PSNR↑=21.7038  SSIM↑=0.9038  MS-SSIM↑=0.9316  LPIPS↓=0.1479  time=25.0s
[stage 1 | epoch 337 | step 25] loss=0.222351
[stage 1 | epoch 337 | step 50] loss=0.229265
[stage 1 | epoch 337 | step 75] loss=0.227500
[stage 1 | epoch 337 | step 100] loss=0.224008
Stage 1 Epoch 337 | L1=0.072571  PSNR↑=21.6883  SSIM↑=0.9022  MS-SSIM↑=0.9334  LPIPS↓=0.1479  time=24.6s
[stage 1 | epoch 338 | step 25] loss=0.233656
[stage 1 | epoch 338 | step 50] loss=0.235949
[stage 1 | epoch 338 | step 75] loss=0.225506
[stage 1 | epoch 338 | step 100] loss=0.224225
Stage 1 Epoch 338 | L1=0.072317  PSNR↑=21.7023  SSIM↑=0.9017  MS-SSIM↑=0.9336  LPIPS↓=0.1487  time=24.9s
[stage 1 | epoch 339 | step 25] loss=0.221249
[stage 1 | epoch 339 | step 50] loss=0.225895
[stage 1 | epoch 339 | step 75] loss=0.228312
[stage 1 | epoch 339 | step 100] loss=0.226105
Stage 1 Epoch 339 | L1=0.073284  PSNR↑=21.6790  SSIM↑=0.9038  MS-SSIM↑=0.9335  LPIPS↓=0.1468  time=24.7s
[stage 1 | epoch 340 | step 25] loss=0.228407
[stage 1 | epoch 340 | step 50] loss=0.232752
[stage 1 | epoch 340 | step 75] loss=0.230169
[stage 1 | epoch 340 | step 100] loss=0.228269
Stage 1 Epoch 340 | L1=0.074111  PSNR↑=21.4319  SSIM↑=0.8989  MS-SSIM↑=0.9302  LPIPS↓=0.1517  time=24.4s
[FULL EVAL] stage=1 epoch=340 | PSNR↑=21.4319  SSIM↑=0.8989  MS-SSIM↑=0.9302  LPIPS↓=0.1517  NIQE↓=3.7232  UIQM↑=305.2514  UCIQE↑=inf
[stage 1 | epoch 341 | step 25] loss=0.220974
[stage 1 | epoch 341 | step 50] loss=0.223526
[stage 1 | epoch 341 | step 75] loss=0.225287
[stage 1 | epoch 341 | step 100] loss=0.227989
Stage 1 Epoch 341 | L1=0.071998  PSNR↑=21.7144  SSIM↑=0.9044  MS-SSIM↑=0.9337  LPIPS↓=0.1449  time=24.9s
[stage 1 | epoch 342 | step 25] loss=0.224752
[stage 1 | epoch 342 | step 50] loss=0.217854
[stage 1 | epoch 342 | step 75] loss=0.218452
[stage 1 | epoch 342 | step 100] loss=0.215052
Stage 1 Epoch 342 | L1=0.071107  PSNR↑=21.8109  SSIM↑=0.9040  MS-SSIM↑=0.9339  LPIPS↓=0.1456  time=36.1s
[stage 1 | epoch 343 | step 25] loss=0.221349
[stage 1 | epoch 343 | step 50] loss=0.223125
[stage 1 | epoch 343 | step 75] loss=0.221384
[stage 1 | epoch 343 | step 100] loss=0.219901
Stage 1 Epoch 343 | L1=0.072725  PSNR↑=21.5855  SSIM↑=0.9021  MS-SSIM↑=0.9334  LPIPS↓=0.1464  time=28.8s
[stage 1 | epoch 344 | step 25] loss=0.223742
[stage 1 | epoch 344 | step 50] loss=0.224012
[stage 1 | epoch 344 | step 75] loss=0.214540
[stage 1 | epoch 344 | step 100] loss=0.217348
Stage 1 Epoch 344 | L1=0.072014  PSNR↑=21.7823  SSIM↑=0.9042  MS-SSIM↑=0.9333  LPIPS↓=0.1459  time=30.0s
[stage 1 | epoch 345 | step 25] loss=0.209871
[stage 1 | epoch 345 | step 50] loss=0.215387
[stage 1 | epoch 345 | step 75] loss=0.218174
[stage 1 | epoch 345 | step 100] loss=0.218454
Stage 1 Epoch 345 | L1=0.072199  PSNR↑=21.7205  SSIM↑=0.9029  MS-SSIM↑=0.9317  LPIPS↓=0.1468  time=33.9s
[stage 1 | epoch 346 | step 25] loss=0.222397
[stage 1 | epoch 346 | step 50] loss=0.225519
[stage 1 | epoch 346 | step 75] loss=0.224171
[stage 1 | epoch 346 | step 100] loss=0.224435
Stage 1 Epoch 346 | L1=0.073994  PSNR↑=21.5294  SSIM↑=0.9020  MS-SSIM↑=0.9313  LPIPS↓=0.1484  time=37.2s
[stage 1 | epoch 347 | step 25] loss=0.217817
[stage 1 | epoch 347 | step 50] loss=0.227455
[stage 1 | epoch 347 | step 75] loss=0.224762
[stage 1 | epoch 347 | step 100] loss=0.220470
Stage 1 Epoch 347 | L1=0.072652  PSNR↑=21.5804  SSIM↑=0.9001  MS-SSIM↑=0.9318  LPIPS↓=0.1491  time=25.3s
[stage 1 | epoch 348 | step 25] loss=0.227198
[stage 1 | epoch 348 | step 50] loss=0.228020
[stage 1 | epoch 348 | step 75] loss=0.225224
[stage 1 | epoch 348 | step 100] loss=0.221858
Stage 1 Epoch 348 | L1=0.072416  PSNR↑=21.7326  SSIM↑=0.9042  MS-SSIM↑=0.9331  LPIPS↓=0.1464  time=24.6s
[stage 1 | epoch 349 | step 25] loss=0.223543
[stage 1 | epoch 349 | step 50] loss=0.216728
[stage 1 | epoch 349 | step 75] loss=0.214122
[stage 1 | epoch 349 | step 100] loss=0.216831
Stage 1 Epoch 349 | L1=0.071639  PSNR↑=21.7263  SSIM↑=0.9013  MS-SSIM↑=0.9333  LPIPS↓=0.1468  time=24.2s
[stage 1 | epoch 350 | step 25] loss=0.226251
[stage 1 | epoch 350 | step 50] loss=0.226534
[stage 1 | epoch 350 | step 75] loss=0.222955
[stage 1 | epoch 350 | step 100] loss=0.219298
Stage 1 Epoch 350 | L1=0.070728  PSNR↑=21.8793  SSIM↑=0.9037  MS-SSIM↑=0.9340  LPIPS↓=0.1443  time=24.6s
[stage 1 | epoch 351 | step 25] loss=0.238317
[stage 1 | epoch 351 | step 50] loss=0.224913
[stage 1 | epoch 351 | step 75] loss=0.219711
[stage 1 | epoch 351 | step 100] loss=0.222089
Stage 1 Epoch 351 | L1=0.072362  PSNR↑=21.7253  SSIM↑=0.9024  MS-SSIM↑=0.9336  LPIPS↓=0.1469  time=24.7s
[stage 1 | epoch 352 | step 25] loss=0.224155
[stage 1 | epoch 352 | step 50] loss=0.227031
[stage 1 | epoch 352 | step 75] loss=0.227239
[stage 1 | epoch 352 | step 100] loss=0.227584
Stage 1 Epoch 352 | L1=0.071425  PSNR↑=21.9183  SSIM↑=0.9054  MS-SSIM↑=0.9373  LPIPS↓=0.1444  time=24.3s
[stage 1 | epoch 353 | step 25] loss=0.223269
[stage 1 | epoch 353 | step 50] loss=0.228334
[stage 1 | epoch 353 | step 75] loss=0.219771
[stage 1 | epoch 353 | step 100] loss=0.222341
Stage 1 Epoch 353 | L1=0.072131  PSNR↑=21.7255  SSIM↑=0.9025  MS-SSIM↑=0.9316  LPIPS↓=0.1451  time=25.0s
[stage 1 | epoch 354 | step 25] loss=0.241401
[stage 1 | epoch 354 | step 50] loss=0.225921
[stage 1 | epoch 354 | step 75] loss=0.226762
[stage 1 | epoch 354 | step 100] loss=0.226236
Stage 1 Epoch 354 | L1=0.074682  PSNR↑=21.4250  SSIM↑=0.9000  MS-SSIM↑=0.9301  LPIPS↓=0.1489  time=24.9s
[stage 1 | epoch 355 | step 25] loss=0.215136
[stage 1 | epoch 355 | step 50] loss=0.213789
[stage 1 | epoch 355 | step 75] loss=0.218874
[stage 1 | epoch 355 | step 100] loss=0.216977
Stage 1 Epoch 355 | L1=0.071625  PSNR↑=21.8079  SSIM↑=0.9045  MS-SSIM↑=0.9350  LPIPS↓=0.1447  time=25.0s
[stage 1 | epoch 356 | step 25] loss=0.226774
[stage 1 | epoch 356 | step 50] loss=0.214628
[stage 1 | epoch 356 | step 75] loss=0.217576
[stage 1 | epoch 356 | step 100] loss=0.219223
Stage 1 Epoch 356 | L1=0.072839  PSNR↑=21.5951  SSIM↑=0.9039  MS-SSIM↑=0.9342  LPIPS↓=0.1478  time=24.6s
[stage 1 | epoch 357 | step 25] loss=0.222053
[stage 1 | epoch 357 | step 50] loss=0.228333
[stage 1 | epoch 357 | step 75] loss=0.228382
[stage 1 | epoch 357 | step 100] loss=0.226273
Stage 1 Epoch 357 | L1=0.072117  PSNR↑=21.6687  SSIM↑=0.9017  MS-SSIM↑=0.9342  LPIPS↓=0.1483  time=25.0s
[stage 1 | epoch 358 | step 25] loss=0.223896
[stage 1 | epoch 358 | step 50] loss=0.222116
[stage 1 | epoch 358 | step 75] loss=0.225257
[stage 1 | epoch 358 | step 100] loss=0.225588
Stage 1 Epoch 358 | L1=0.074627  PSNR↑=21.4668  SSIM↑=0.8982  MS-SSIM↑=0.9302  LPIPS↓=0.1503  time=24.7s
[stage 1 | epoch 359 | step 25] loss=0.207130
[stage 1 | epoch 359 | step 50] loss=0.220918
[stage 1 | epoch 359 | step 75] loss=0.219268
[stage 1 | epoch 359 | step 100] loss=0.220286
Stage 1 Epoch 359 | L1=0.072091  PSNR↑=21.8136  SSIM↑=0.9045  MS-SSIM↑=0.9353  LPIPS↓=0.1472  time=24.7s
[stage 1 | epoch 360 | step 25] loss=0.198310
[stage 1 | epoch 360 | step 50] loss=0.214403
[stage 1 | epoch 360 | step 75] loss=0.217989
[stage 1 | epoch 360 | step 100] loss=0.221847
Stage 1 Epoch 360 | L1=0.073521  PSNR↑=21.4911  SSIM↑=0.9020  MS-SSIM↑=0.9328  LPIPS↓=0.1478  time=24.6s
[FULL EVAL] stage=1 epoch=360 | PSNR↑=21.4911  SSIM↑=0.9020  MS-SSIM↑=0.9328  LPIPS↓=0.1478  NIQE↓=3.7148  UIQM↑=311.5271  UCIQE↑=inf
[stage 1 | epoch 361 | step 25] loss=0.217706
[stage 1 | epoch 361 | step 50] loss=0.220645
[stage 1 | epoch 361 | step 75] loss=0.226838
[stage 1 | epoch 361 | step 100] loss=0.225977
Stage 1 Epoch 361 | L1=0.071953  PSNR↑=21.7309  SSIM↑=0.9021  MS-SSIM↑=0.9335  LPIPS↓=0.1472  time=24.5s
[stage 1 | epoch 362 | step 25] loss=0.217354
[stage 1 | epoch 362 | step 50] loss=0.228480
[stage 1 | epoch 362 | step 75] loss=0.234383
[stage 1 | epoch 362 | step 100] loss=0.230657
Stage 1 Epoch 362 | L1=0.072019  PSNR↑=21.7251  SSIM↑=0.9015  MS-SSIM↑=0.9320  LPIPS↓=0.1464  time=24.8s
[stage 1 | epoch 363 | step 25] loss=0.206982
[stage 1 | epoch 363 | step 50] loss=0.216992
[stage 1 | epoch 363 | step 75] loss=0.221099
[stage 1 | epoch 363 | step 100] loss=0.223901
Stage 1 Epoch 363 | L1=0.072145  PSNR↑=21.6214  SSIM↑=0.9014  MS-SSIM↑=0.9317  LPIPS↓=0.1482  time=34.4s
[stage 1 | epoch 364 | step 25] loss=0.220745
[stage 1 | epoch 364 | step 50] loss=0.217746
[stage 1 | epoch 364 | step 75] loss=0.221388
[stage 1 | epoch 364 | step 100] loss=0.217970
Stage 1 Epoch 364 | L1=0.071115  PSNR↑=21.8523  SSIM↑=0.9053  MS-SSIM↑=0.9351  LPIPS↓=0.1444  time=47.2s
[stage 1 | epoch 365 | step 25] loss=0.222062
[stage 1 | epoch 365 | step 50] loss=0.224681
[stage 1 | epoch 365 | step 75] loss=0.224475
[stage 1 | epoch 365 | step 100] loss=0.223815
Stage 1 Epoch 365 | L1=0.073266  PSNR↑=21.5735  SSIM↑=0.9016  MS-SSIM↑=0.9340  LPIPS↓=0.1473  time=47.7s
[stage 1 | epoch 366 | step 25] loss=0.219958
[stage 1 | epoch 366 | step 50] loss=0.215916
[stage 1 | epoch 366 | step 75] loss=0.217067
[stage 1 | epoch 366 | step 100] loss=0.216337
Stage 1 Epoch 366 | L1=0.071424  PSNR↑=21.8479  SSIM↑=0.9051  MS-SSIM↑=0.9356  LPIPS↓=0.1439  time=28.8s
[stage 1 | epoch 367 | step 25] loss=0.208709
[stage 1 | epoch 367 | step 50] loss=0.209613
[stage 1 | epoch 367 | step 75] loss=0.213952
[stage 1 | epoch 367 | step 100] loss=0.217945
Stage 1 Epoch 367 | L1=0.070169  PSNR↑=21.8908  SSIM↑=0.9065  MS-SSIM↑=0.9360  LPIPS↓=0.1442  time=24.4s
[stage 1 | epoch 368 | step 25] loss=0.206272
[stage 1 | epoch 368 | step 50] loss=0.202241
[stage 1 | epoch 368 | step 75] loss=0.213745
[stage 1 | epoch 368 | step 100] loss=0.222156
Stage 1 Epoch 368 | L1=0.070306  PSNR↑=21.9087  SSIM↑=0.9075  MS-SSIM↑=0.9370  LPIPS↓=0.1441  time=38.0s
[stage 1 | epoch 369 | step 25] loss=0.224277
[stage 1 | epoch 369 | step 50] loss=0.225255
[stage 1 | epoch 369 | step 75] loss=0.223420
[stage 1 | epoch 369 | step 100] loss=0.224018
Stage 1 Epoch 369 | L1=0.071590  PSNR↑=21.6405  SSIM↑=0.9040  MS-SSIM↑=0.9349  LPIPS↓=0.1491  time=30.6s
[stage 1 | epoch 370 | step 25] loss=0.229221
[stage 1 | epoch 370 | step 50] loss=0.223775
[stage 1 | epoch 370 | step 75] loss=0.224870
[stage 1 | epoch 370 | step 100] loss=0.224946
Stage 1 Epoch 370 | L1=0.073048  PSNR↑=21.6017  SSIM↑=0.9008  MS-SSIM↑=0.9311  LPIPS↓=0.1479  time=32.7s
[stage 1 | epoch 371 | step 25] loss=0.227968
[stage 1 | epoch 371 | step 50] loss=0.230683
[stage 1 | epoch 371 | step 75] loss=0.223182
[stage 1 | epoch 371 | step 100] loss=0.220054
Stage 1 Epoch 371 | L1=0.070593  PSNR↑=22.0087  SSIM↑=0.9048  MS-SSIM↑=0.9342  LPIPS↓=0.1449  time=34.4s
[stage 1 | epoch 372 | step 25] loss=0.239237
[stage 1 | epoch 372 | step 50] loss=0.232242
[stage 1 | epoch 372 | step 75] loss=0.223129
[stage 1 | epoch 372 | step 100] loss=0.221518
Stage 1 Epoch 372 | L1=0.070853  PSNR↑=21.7642  SSIM↑=0.9043  MS-SSIM↑=0.9338  LPIPS↓=0.1452  time=27.7s
[stage 1 | epoch 373 | step 25] loss=0.224751
[stage 1 | epoch 373 | step 50] loss=0.223275
[stage 1 | epoch 373 | step 75] loss=0.223421
[stage 1 | epoch 373 | step 100] loss=0.218492
Stage 1 Epoch 373 | L1=0.072035  PSNR↑=21.6667  SSIM↑=0.9031  MS-SSIM↑=0.9328  LPIPS↓=0.1473  time=29.7s
[stage 1 | epoch 374 | step 25] loss=0.225925
[stage 1 | epoch 374 | step 50] loss=0.231455
[stage 1 | epoch 374 | step 75] loss=0.221580
[stage 1 | epoch 374 | step 100] loss=0.224120
Stage 1 Epoch 374 | L1=0.070235  PSNR↑=21.9252  SSIM↑=0.9089  MS-SSIM↑=0.9354  LPIPS↓=0.1445  time=24.8s
[stage 1 | epoch 375 | step 25] loss=0.215721
[stage 1 | epoch 375 | step 50] loss=0.217696
[stage 1 | epoch 375 | step 75] loss=0.213837
[stage 1 | epoch 375 | step 100] loss=0.218955
Stage 1 Epoch 375 | L1=0.071388  PSNR↑=21.7610  SSIM↑=0.9042  MS-SSIM↑=0.9327  LPIPS↓=0.1471  time=29.3s
[stage 1 | epoch 376 | step 25] loss=0.225780
[stage 1 | epoch 376 | step 50] loss=0.229410
[stage 1 | epoch 376 | step 75] loss=0.224623
[stage 1 | epoch 376 | step 100] loss=0.225307
Stage 1 Epoch 376 | L1=0.070582  PSNR↑=21.8949  SSIM↑=0.9053  MS-SSIM↑=0.9339  LPIPS↓=0.1440  time=30.0s
[stage 1 | epoch 377 | step 25] loss=0.229506
[stage 1 | epoch 377 | step 50] loss=0.224386
[stage 1 | epoch 377 | step 75] loss=0.222808
[stage 1 | epoch 377 | step 100] loss=0.223554
Stage 1 Epoch 377 | L1=0.074458  PSNR↑=21.4297  SSIM↑=0.8978  MS-SSIM↑=0.9282  LPIPS↓=0.1491  time=26.1s
[stage 1 | epoch 378 | step 25] loss=0.235543
[stage 1 | epoch 378 | step 50] loss=0.227285
[stage 1 | epoch 378 | step 75] loss=0.227541
[stage 1 | epoch 378 | step 100] loss=0.225625
Stage 1 Epoch 378 | L1=0.071544  PSNR↑=21.6860  SSIM↑=0.9037  MS-SSIM↑=0.9334  LPIPS↓=0.1458  time=24.6s
[stage 1 | epoch 379 | step 25] loss=0.217326
[stage 1 | epoch 379 | step 50] loss=0.212873
[stage 1 | epoch 379 | step 75] loss=0.217334
[stage 1 | epoch 379 | step 100] loss=0.219294
Stage 1 Epoch 379 | L1=0.071034  PSNR↑=21.8020  SSIM↑=0.9051  MS-SSIM↑=0.9352  LPIPS↓=0.1445  time=24.5s
[stage 1 | epoch 380 | step 25] loss=0.217694
[stage 1 | epoch 380 | step 50] loss=0.223250
[stage 1 | epoch 380 | step 75] loss=0.223536
[stage 1 | epoch 380 | step 100] loss=0.226586
Stage 1 Epoch 380 | L1=0.071215  PSNR↑=21.7975  SSIM↑=0.9047  MS-SSIM↑=0.9336  LPIPS↓=0.1465  time=24.6s
[FULL EVAL] stage=1 epoch=380 | PSNR↑=21.7975  SSIM↑=0.9047  MS-SSIM↑=0.9336  LPIPS↓=0.1465  NIQE↓=3.7278  UIQM↑=315.4054  UCIQE↑=inf
[stage 1 | epoch 381 | step 25] loss=0.230649
[stage 1 | epoch 381 | step 50] loss=0.226285
[stage 1 | epoch 381 | step 75] loss=0.230271
[stage 1 | epoch 381 | step 100] loss=0.230237
Stage 1 Epoch 381 | L1=0.070977  PSNR↑=21.8129  SSIM↑=0.9027  MS-SSIM↑=0.9350  LPIPS↓=0.1478  time=24.5s
[stage 1 | epoch 382 | step 25] loss=0.205570
[stage 1 | epoch 382 | step 50] loss=0.215421
[stage 1 | epoch 382 | step 75] loss=0.216489
[stage 1 | epoch 382 | step 100] loss=0.218126
Stage 1 Epoch 382 | L1=0.072660  PSNR↑=21.6107  SSIM↑=0.9013  MS-SSIM↑=0.9313  LPIPS↓=0.1484  time=29.5s
[stage 1 | epoch 383 | step 25] loss=0.228025
[stage 1 | epoch 383 | step 50] loss=0.225153
[stage 1 | epoch 383 | step 75] loss=0.224597
[stage 1 | epoch 383 | step 100] loss=0.224782
Stage 1 Epoch 383 | L1=0.074244  PSNR↑=21.4146  SSIM↑=0.8988  MS-SSIM↑=0.9304  LPIPS↓=0.1491  time=24.5s
[stage 1 | epoch 384 | step 25] loss=0.228602
[stage 1 | epoch 384 | step 50] loss=0.225063
[stage 1 | epoch 384 | step 75] loss=0.222500
[stage 1 | epoch 384 | step 100] loss=0.221129
Stage 1 Epoch 384 | L1=0.073272  PSNR↑=21.6042  SSIM↑=0.9020  MS-SSIM↑=0.9324  LPIPS↓=0.1461  time=24.9s
[stage 1 | epoch 385 | step 25] loss=0.229030
[stage 1 | epoch 385 | step 50] loss=0.229877
[stage 1 | epoch 385 | step 75] loss=0.224782
[stage 1 | epoch 385 | step 100] loss=0.221916
Stage 1 Epoch 385 | L1=0.073684  PSNR↑=21.5764  SSIM↑=0.9001  MS-SSIM↑=0.9338  LPIPS↓=0.1474  time=25.0s
[stage 1 | epoch 386 | step 25] loss=0.214002
[stage 1 | epoch 386 | step 50] loss=0.216555
[stage 1 | epoch 386 | step 75] loss=0.217685
[stage 1 | epoch 386 | step 100] loss=0.217835
Stage 1 Epoch 386 | L1=0.070856  PSNR↑=21.8585  SSIM↑=0.9060  MS-SSIM↑=0.9378  LPIPS↓=0.1467  time=24.6s
[stage 1 | epoch 387 | step 25] loss=0.237739
[stage 1 | epoch 387 | step 50] loss=0.230091
[stage 1 | epoch 387 | step 75] loss=0.228838
[stage 1 | epoch 387 | step 100] loss=0.227073
Stage 1 Epoch 387 | L1=0.071839  PSNR↑=21.8286  SSIM↑=0.9052  MS-SSIM↑=0.9358  LPIPS↓=0.1453  time=25.3s
[stage 1 | epoch 388 | step 25] loss=0.222701
[stage 1 | epoch 388 | step 50] loss=0.224255
[stage 1 | epoch 388 | step 75] loss=0.226497
[stage 1 | epoch 388 | step 100] loss=0.225806
Stage 1 Epoch 388 | L1=0.073081  PSNR↑=21.7234  SSIM↑=0.9007  MS-SSIM↑=0.9334  LPIPS↓=0.1455  time=24.6s
[stage 1 | epoch 389 | step 25] loss=0.224038
[stage 1 | epoch 389 | step 50] loss=0.219329
[stage 1 | epoch 389 | step 75] loss=0.221920
[stage 1 | epoch 389 | step 100] loss=0.223737
Stage 1 Epoch 389 | L1=0.072108  PSNR↑=21.8381  SSIM↑=0.9053  MS-SSIM↑=0.9347  LPIPS↓=0.1451  time=24.7s
[stage 1 | epoch 390 | step 25] loss=0.218278
[stage 1 | epoch 390 | step 50] loss=0.221731
[stage 1 | epoch 390 | step 75] loss=0.221276
[stage 1 | epoch 390 | step 100] loss=0.223292
Stage 1 Epoch 390 | L1=0.071851  PSNR↑=21.8005  SSIM↑=0.9034  MS-SSIM↑=0.9323  LPIPS↓=0.1460  time=24.8s
[stage 1 | epoch 391 | step 25] loss=0.225987
[stage 1 | epoch 391 | step 50] loss=0.215870
[stage 1 | epoch 391 | step 75] loss=0.223160
[stage 1 | epoch 391 | step 100] loss=0.222964
Stage 1 Epoch 391 | L1=0.070965  PSNR↑=21.8860  SSIM↑=0.9052  MS-SSIM↑=0.9341  LPIPS↓=0.1439  time=24.3s
[stage 1 | epoch 392 | step 25] loss=0.224073
[stage 1 | epoch 392 | step 50] loss=0.222091
[stage 1 | epoch 392 | step 75] loss=0.223290
[stage 1 | epoch 392 | step 100] loss=0.225442
Stage 1 Epoch 392 | L1=0.074180  PSNR↑=21.5315  SSIM↑=0.9008  MS-SSIM↑=0.9304  LPIPS↓=0.1480  time=24.9s
[stage 1 | epoch 393 | step 25] loss=0.215701
[stage 1 | epoch 393 | step 50] loss=0.220989
[stage 1 | epoch 393 | step 75] loss=0.217063
[stage 1 | epoch 393 | step 100] loss=0.219203
Stage 1 Epoch 393 | L1=0.072500  PSNR↑=21.6519  SSIM↑=0.9004  MS-SSIM↑=0.9317  LPIPS↓=0.1465  time=25.3s
[stage 1 | epoch 394 | step 25] loss=0.217680
[stage 1 | epoch 394 | step 50] loss=0.220481
[stage 1 | epoch 394 | step 75] loss=0.225009
[stage 1 | epoch 394 | step 100] loss=0.222993
Stage 1 Epoch 394 | L1=0.074662  PSNR↑=21.4408  SSIM↑=0.9006  MS-SSIM↑=0.9305  LPIPS↓=0.1491  time=24.8s
[stage 1 | epoch 395 | step 25] loss=0.235661
[stage 1 | epoch 395 | step 50] loss=0.224242
[stage 1 | epoch 395 | step 75] loss=0.225242
[stage 1 | epoch 395 | step 100] loss=0.225204
Stage 1 Epoch 395 | L1=0.072758  PSNR↑=21.5950  SSIM↑=0.9020  MS-SSIM↑=0.9320  LPIPS↓=0.1474  time=24.6s
[stage 1 | epoch 396 | step 25] loss=0.214609
[stage 1 | epoch 396 | step 50] loss=0.213468
[stage 1 | epoch 396 | step 75] loss=0.221126
[stage 1 | epoch 396 | step 100] loss=0.222506
Stage 1 Epoch 396 | L1=0.072948  PSNR↑=21.5766  SSIM↑=0.9009  MS-SSIM↑=0.9306  LPIPS↓=0.1486  time=24.6s
[stage 1 | epoch 397 | step 25] loss=0.229393
[stage 1 | epoch 397 | step 50] loss=0.224702
[stage 1 | epoch 397 | step 75] loss=0.225953
[stage 1 | epoch 397 | step 100] loss=0.220836
Stage 1 Epoch 397 | L1=0.071282  PSNR↑=21.8099  SSIM↑=0.9039  MS-SSIM↑=0.9340  LPIPS↓=0.1459  time=24.9s
[stage 1 | epoch 398 | step 25] loss=0.217277
[stage 1 | epoch 398 | step 50] loss=0.222097
[stage 1 | epoch 398 | step 75] loss=0.220129
[stage 1 | epoch 398 | step 100] loss=0.217659
Stage 1 Epoch 398 | L1=0.071234  PSNR↑=21.8569  SSIM↑=0.9040  MS-SSIM↑=0.9352  LPIPS↓=0.1470  time=24.4s
[stage 1 | epoch 399 | step 25] loss=0.220552
[stage 1 | epoch 399 | step 50] loss=0.223320
[stage 1 | epoch 399 | step 75] loss=0.223378
[stage 1 | epoch 399 | step 100] loss=0.219596
Stage 1 Epoch 399 | L1=0.073516  PSNR↑=21.5636  SSIM↑=0.9012  MS-SSIM↑=0.9323  LPIPS↓=0.1485  time=25.2s
[stage 1 | epoch 400 | step 25] loss=0.216111
[stage 1 | epoch 400 | step 50] loss=0.227596
[stage 1 | epoch 400 | step 75] loss=0.227843
[stage 1 | epoch 400 | step 100] loss=0.225309
Stage 1 Epoch 400 | L1=0.071749  PSNR↑=21.7452  SSIM↑=0.9015  MS-SSIM↑=0.9314  LPIPS↓=0.1475  time=24.6s
[FULL EVAL] stage=1 epoch=400 | PSNR↑=21.7452  SSIM↑=0.9015  MS-SSIM↑=0.9314  LPIPS↓=0.1475  NIQE↓=3.7310  UIQM↑=310.6915  UCIQE↑=inf
[stage 1 | epoch 401 | step 25] loss=0.234862
[stage 1 | epoch 401 | step 50] loss=0.233350
[stage 1 | epoch 401 | step 75] loss=0.226552
[stage 1 | epoch 401 | step 100] loss=0.228501
Stage 1 Epoch 401 | L1=0.072510  PSNR↑=21.6340  SSIM↑=0.9010  MS-SSIM↑=0.9301  LPIPS↓=0.1476  time=24.9s
[stage 1 | epoch 402 | step 25] loss=0.211735
[stage 1 | epoch 402 | step 50] loss=0.211102
[stage 1 | epoch 402 | step 75] loss=0.212023
[stage 1 | epoch 402 | step 100] loss=0.212817
Stage 1 Epoch 402 | L1=0.071454  PSNR↑=21.8174  SSIM↑=0.9051  MS-SSIM↑=0.9359  LPIPS↓=0.1453  time=25.0s
[stage 1 | epoch 403 | step 25] loss=0.242537
[stage 1 | epoch 403 | step 50] loss=0.235109
[stage 1 | epoch 403 | step 75] loss=0.237951
[stage 1 | epoch 403 | step 100] loss=0.229989
Stage 1 Epoch 403 | L1=0.070475  PSNR↑=21.9166  SSIM↑=0.9045  MS-SSIM↑=0.9332  LPIPS↓=0.1445  time=24.2s
[stage 1 | epoch 404 | step 25] loss=0.226334
[stage 1 | epoch 404 | step 50] loss=0.230329
[stage 1 | epoch 404 | step 75] loss=0.228900
[stage 1 | epoch 404 | step 100] loss=0.224272
Stage 1 Epoch 404 | L1=0.072625  PSNR↑=21.7917  SSIM↑=0.9045  MS-SSIM↑=0.9356  LPIPS↓=0.1456  time=24.9s
[stage 1 | epoch 405 | step 25] loss=0.239257
[stage 1 | epoch 405 | step 50] loss=0.221139
[stage 1 | epoch 405 | step 75] loss=0.222977
[stage 1 | epoch 405 | step 100] loss=0.217296
Stage 1 Epoch 405 | L1=0.071384  PSNR↑=21.8910  SSIM↑=0.9047  MS-SSIM↑=0.9351  LPIPS↓=0.1457  time=24.7s
[stage 1 | epoch 406 | step 25] loss=0.207220
[stage 1 | epoch 406 | step 50] loss=0.215033
[stage 1 | epoch 406 | step 75] loss=0.217080
[stage 1 | epoch 406 | step 100] loss=0.217039
Stage 1 Epoch 406 | L1=0.070344  PSNR↑=21.9537  SSIM↑=0.9058  MS-SSIM↑=0.9355  LPIPS↓=0.1437  time=24.5s
[stage 1 | epoch 407 | step 25] loss=0.216521
[stage 1 | epoch 407 | step 50] loss=0.215959
[stage 1 | epoch 407 | step 75] loss=0.222766
[stage 1 | epoch 407 | step 100] loss=0.222849
Stage 1 Epoch 407 | L1=0.073958  PSNR↑=21.4537  SSIM↑=0.9009  MS-SSIM↑=0.9296  LPIPS↓=0.1484  time=24.9s
[stage 1 | epoch 408 | step 25] loss=0.202549
[stage 1 | epoch 408 | step 50] loss=0.215982
[stage 1 | epoch 408 | step 75] loss=0.213111
[stage 1 | epoch 408 | step 100] loss=0.214718
Stage 1 Epoch 408 | L1=0.072022  PSNR↑=21.7719  SSIM↑=0.9060  MS-SSIM↑=0.9346  LPIPS↓=0.1449  time=24.9s
[stage 1 | epoch 409 | step 25] loss=0.202482
[stage 1 | epoch 409 | step 50] loss=0.214169
[stage 1 | epoch 409 | step 75] loss=0.214986
[stage 1 | epoch 409 | step 100] loss=0.220874
Stage 1 Epoch 409 | L1=0.071700  PSNR↑=21.7632  SSIM↑=0.9040  MS-SSIM↑=0.9343  LPIPS↓=0.1457  time=24.6s
[stage 1 | epoch 410 | step 25] loss=0.226667
[stage 1 | epoch 410 | step 50] loss=0.222538
[stage 1 | epoch 410 | step 75] loss=0.222451
[stage 1 | epoch 410 | step 100] loss=0.222643
Stage 1 Epoch 410 | L1=0.071380  PSNR↑=21.7411  SSIM↑=0.9026  MS-SSIM↑=0.9327  LPIPS↓=0.1461  time=24.3s
[stage 1 | epoch 411 | step 25] loss=0.226968
[stage 1 | epoch 411 | step 50] loss=0.234173
[stage 1 | epoch 411 | step 75] loss=0.234755
[stage 1 | epoch 411 | step 100] loss=0.232231
Stage 1 Epoch 411 | L1=0.072929  PSNR↑=21.5955  SSIM↑=0.9018  MS-SSIM↑=0.9311  LPIPS↓=0.1467  time=24.7s
[stage 1 | epoch 412 | step 25] loss=0.225259
[stage 1 | epoch 412 | step 50] loss=0.230029
[stage 1 | epoch 412 | step 75] loss=0.228311
[stage 1 | epoch 412 | step 100] loss=0.231313
Stage 1 Epoch 412 | L1=0.073655  PSNR↑=21.4695  SSIM↑=0.8997  MS-SSIM↑=0.9293  LPIPS↓=0.1474  time=24.6s
[stage 1 | epoch 413 | step 25] loss=0.216635
[stage 1 | epoch 413 | step 50] loss=0.210952
[stage 1 | epoch 413 | step 75] loss=0.213309
[stage 1 | epoch 413 | step 100] loss=0.214995
Stage 1 Epoch 413 | L1=0.073397  PSNR↑=21.5480  SSIM↑=0.9030  MS-SSIM↑=0.9341  LPIPS↓=0.1456  time=24.9s
[stage 1 | epoch 414 | step 25] loss=0.219736
[stage 1 | epoch 414 | step 50] loss=0.217977
[stage 1 | epoch 414 | step 75] loss=0.217603
[stage 1 | epoch 414 | step 100] loss=0.219166
Stage 1 Epoch 414 | L1=0.073148  PSNR↑=21.5279  SSIM↑=0.9009  MS-SSIM↑=0.9328  LPIPS↓=0.1490  time=24.4s
[stage 1 | epoch 415 | step 25] loss=0.204463
[stage 1 | epoch 415 | step 50] loss=0.218238
[stage 1 | epoch 415 | step 75] loss=0.212661
[stage 1 | epoch 415 | step 100] loss=0.218653
Stage 1 Epoch 415 | L1=0.072425  PSNR↑=21.7452  SSIM↑=0.9027  MS-SSIM↑=0.9327  LPIPS↓=0.1446  time=42.4s
[stage 1 | epoch 416 | step 25] loss=0.217401
[stage 1 | epoch 416 | step 50] loss=0.226088
[stage 1 | epoch 416 | step 75] loss=0.218339
[stage 1 | epoch 416 | step 100] loss=0.219307
Stage 1 Epoch 416 | L1=0.073521  PSNR↑=21.5348  SSIM↑=0.9014  MS-SSIM↑=0.9335  LPIPS↓=0.1493  time=37.5s
[stage 1 | epoch 417 | step 25] loss=0.207938
[stage 1 | epoch 417 | step 50] loss=0.215442
[stage 1 | epoch 417 | step 75] loss=0.223215
[stage 1 | epoch 417 | step 100] loss=0.220592
Stage 1 Epoch 417 | L1=0.072847  PSNR↑=21.7101  SSIM↑=0.9021  MS-SSIM↑=0.9332  LPIPS↓=0.1457  time=37.2s
[stage 1 | epoch 418 | step 25] loss=0.229396
[stage 1 | epoch 418 | step 50] loss=0.220440
[stage 1 | epoch 418 | step 75] loss=0.219935
[stage 1 | epoch 418 | step 100] loss=0.219490
Stage 1 Epoch 418 | L1=0.073558  PSNR↑=21.5831  SSIM↑=0.9022  MS-SSIM↑=0.9350  LPIPS↓=0.1471  time=24.7s
[stage 1 | epoch 419 | step 25] loss=0.238908
[stage 1 | epoch 419 | step 50] loss=0.232122
[stage 1 | epoch 419 | step 75] loss=0.225792
[stage 1 | epoch 419 | step 100] loss=0.225083
Stage 1 Epoch 419 | L1=0.072812  PSNR↑=21.6058  SSIM↑=0.9018  MS-SSIM↑=0.9318  LPIPS↓=0.1487  time=43.6s
[stage 1 | epoch 420 | step 25] loss=0.219197
[stage 1 | epoch 420 | step 50] loss=0.214653
[stage 1 | epoch 420 | step 75] loss=0.225793
[stage 1 | epoch 420 | step 100] loss=0.225968
Stage 1 Epoch 420 | L1=0.073041  PSNR↑=21.6480  SSIM↑=0.8997  MS-SSIM↑=0.9304  LPIPS↓=0.1465  time=24.7s
[FULL EVAL] stage=1 epoch=420 | PSNR↑=21.6480  SSIM↑=0.8997  MS-SSIM↑=0.9304  LPIPS↓=0.1465  NIQE↓=3.7187  UIQM↑=307.6943  UCIQE↑=inf
[stage 1 | epoch 421 | step 25] loss=0.211488
[stage 1 | epoch 421 | step 50] loss=0.211603
[stage 1 | epoch 421 | step 75] loss=0.215081
[stage 1 | epoch 421 | step 100] loss=0.213629
Stage 1 Epoch 421 | L1=0.072148  PSNR↑=21.7570  SSIM↑=0.9048  MS-SSIM↑=0.9351  LPIPS↓=0.1459  time=24.6s
[stage 1 | epoch 422 | step 25] loss=0.209445
[stage 1 | epoch 422 | step 50] loss=0.206950
[stage 1 | epoch 422 | step 75] loss=0.212853
[stage 1 | epoch 422 | step 100] loss=0.215791
Stage 1 Epoch 422 | L1=0.073139  PSNR↑=21.5928  SSIM↑=0.9056  MS-SSIM↑=0.9325  LPIPS↓=0.1459  time=24.5s
[stage 1 | epoch 423 | step 25] loss=0.208088
[stage 1 | epoch 423 | step 50] loss=0.213276
[stage 1 | epoch 423 | step 75] loss=0.217794
[stage 1 | epoch 423 | step 100] loss=0.221986
Stage 1 Epoch 423 | L1=0.073938  PSNR↑=21.5491  SSIM↑=0.9002  MS-SSIM↑=0.9303  LPIPS↓=0.1479  time=24.7s
[stage 1 | epoch 424 | step 25] loss=0.222209
[stage 1 | epoch 424 | step 50] loss=0.222398
[stage 1 | epoch 424 | step 75] loss=0.218868
[stage 1 | epoch 424 | step 100] loss=0.220667
Stage 1 Epoch 424 | L1=0.071858  PSNR↑=21.7861  SSIM↑=0.9028  MS-SSIM↑=0.9329  LPIPS↓=0.1457  time=24.7s
[stage 1 | epoch 425 | step 25] loss=0.229062
[stage 1 | epoch 425 | step 50] loss=0.218810
[stage 1 | epoch 425 | step 75] loss=0.216127
[stage 1 | epoch 425 | step 100] loss=0.217454
Stage 1 Epoch 425 | L1=0.070623  PSNR↑=21.8782  SSIM↑=0.9067  MS-SSIM↑=0.9356  LPIPS↓=0.1441  time=25.0s
[stage 1 | epoch 426 | step 25] loss=0.220129
[stage 1 | epoch 426 | step 50] loss=0.218282
[stage 1 | epoch 426 | step 75] loss=0.222501
[stage 1 | epoch 426 | step 100] loss=0.221701
Stage 1 Epoch 426 | L1=0.071430  PSNR↑=21.8460  SSIM↑=0.9064  MS-SSIM↑=0.9354  LPIPS↓=0.1462  time=25.1s
[stage 1 | epoch 427 | step 25] loss=0.223745
[stage 1 | epoch 427 | step 50] loss=0.228827
[stage 1 | epoch 427 | step 75] loss=0.225112
[stage 1 | epoch 427 | step 100] loss=0.223020
Stage 1 Epoch 427 | L1=0.072530  PSNR↑=21.8140  SSIM↑=0.9033  MS-SSIM↑=0.9335  LPIPS↓=0.1453  time=24.9s
[stage 1 | epoch 428 | step 25] loss=0.209129
[stage 1 | epoch 428 | step 50] loss=0.222425
[stage 1 | epoch 428 | step 75] loss=0.223409
[stage 1 | epoch 428 | step 100] loss=0.221984
Stage 1 Epoch 428 | L1=0.071744  PSNR↑=21.8370  SSIM↑=0.9056  MS-SSIM↑=0.9353  LPIPS↓=0.1447  time=25.1s
[stage 1 | epoch 429 | step 25] loss=0.231374
[stage 1 | epoch 429 | step 50] loss=0.224908
[stage 1 | epoch 429 | step 75] loss=0.223250
[stage 1 | epoch 429 | step 100] loss=0.220251
Stage 1 Epoch 429 | L1=0.071895  PSNR↑=21.7524  SSIM↑=0.9030  MS-SSIM↑=0.9350  LPIPS↓=0.1461  time=24.7s
[stage 1 | epoch 430 | step 25] loss=0.220791
[stage 1 | epoch 430 | step 50] loss=0.216672
[stage 1 | epoch 430 | step 75] loss=0.215870
[stage 1 | epoch 430 | step 100] loss=0.216484
Stage 1 Epoch 430 | L1=0.071895  PSNR↑=21.6799  SSIM↑=0.9033  MS-SSIM↑=0.9328  LPIPS↓=0.1462  time=25.3s
[stage 1 | epoch 431 | step 25] loss=0.219802
[stage 1 | epoch 431 | step 50] loss=0.214288
[stage 1 | epoch 431 | step 75] loss=0.218003
[stage 1 | epoch 431 | step 100] loss=0.218216
Stage 1 Epoch 431 | L1=0.071778  PSNR↑=21.7719  SSIM↑=0.9052  MS-SSIM↑=0.9342  LPIPS↓=0.1426  time=24.5s
[stage 1 | epoch 432 | step 25] loss=0.228017
[stage 1 | epoch 432 | step 50] loss=0.229437
[stage 1 | epoch 432 | step 75] loss=0.222829
[stage 1 | epoch 432 | step 100] loss=0.222163
Stage 1 Epoch 432 | L1=0.071308  PSNR↑=21.7935  SSIM↑=0.9055  MS-SSIM↑=0.9366  LPIPS↓=0.1445  time=24.6s
[stage 1 | epoch 433 | step 25] loss=0.223119
[stage 1 | epoch 433 | step 50] loss=0.221424
[stage 1 | epoch 433 | step 75] loss=0.222265
[stage 1 | epoch 433 | step 100] loss=0.219698
Stage 1 Epoch 433 | L1=0.073027  PSNR↑=21.6193  SSIM↑=0.9027  MS-SSIM↑=0.9336  LPIPS↓=0.1460  time=24.8s
[stage 1 | epoch 434 | step 25] loss=0.226655
[stage 1 | epoch 434 | step 50] loss=0.228471
[stage 1 | epoch 434 | step 75] loss=0.231695
[stage 1 | epoch 434 | step 100] loss=0.230431
Stage 1 Epoch 434 | L1=0.072220  PSNR↑=21.6937  SSIM↑=0.9033  MS-SSIM↑=0.9313  LPIPS↓=0.1452  time=24.7s
[stage 1 | epoch 435 | step 25] loss=0.214909
[stage 1 | epoch 435 | step 50] loss=0.217791
[stage 1 | epoch 435 | step 75] loss=0.219571
[stage 1 | epoch 435 | step 100] loss=0.221979
Stage 1 Epoch 435 | L1=0.073242  PSNR↑=21.5508  SSIM↑=0.9018  MS-SSIM↑=0.9336  LPIPS↓=0.1457  time=28.4s
[stage 1 | epoch 436 | step 25] loss=0.234486
[stage 1 | epoch 436 | step 50] loss=0.223698
[stage 1 | epoch 436 | step 75] loss=0.225089
[stage 1 | epoch 436 | step 100] loss=0.221688
Stage 1 Epoch 436 | L1=0.074760  PSNR↑=21.4795  SSIM↑=0.9011  MS-SSIM↑=0.9311  LPIPS↓=0.1468  time=24.5s
[stage 1 | epoch 437 | step 25] loss=0.228514
[stage 1 | epoch 437 | step 50] loss=0.221713
[stage 1 | epoch 437 | step 75] loss=0.223109
[stage 1 | epoch 437 | step 100] loss=0.227178
Stage 1 Epoch 437 | L1=0.075127  PSNR↑=21.2804  SSIM↑=0.8979  MS-SSIM↑=0.9320  LPIPS↓=0.1497  time=51.2s
[stage 1 | epoch 438 | step 25] loss=0.226355
[stage 1 | epoch 438 | step 50] loss=0.219095
[stage 1 | epoch 438 | step 75] loss=0.216648
[stage 1 | epoch 438 | step 100] loss=0.218180
Stage 1 Epoch 438 | L1=0.071251  PSNR↑=21.7277  SSIM↑=0.9035  MS-SSIM↑=0.9338  LPIPS↓=0.1469  time=28.7s
[stage 1 | epoch 439 | step 25] loss=0.225534
[stage 1 | epoch 439 | step 50] loss=0.233750
[stage 1 | epoch 439 | step 75] loss=0.222804
[stage 1 | epoch 439 | step 100] loss=0.220352
Stage 1 Epoch 439 | L1=0.073279  PSNR↑=21.6663  SSIM↑=0.9032  MS-SSIM↑=0.9339  LPIPS↓=0.1462  time=24.5s
[stage 1 | epoch 440 | step 25] loss=0.224367
[stage 1 | epoch 440 | step 50] loss=0.227641
[stage 1 | epoch 440 | step 75] loss=0.223107
[stage 1 | epoch 440 | step 100] loss=0.222857
Stage 1 Epoch 440 | L1=0.072730  PSNR↑=21.7165  SSIM↑=0.9028  MS-SSIM↑=0.9351  LPIPS↓=0.1462  time=25.2s
[FULL EVAL] stage=1 epoch=440 | PSNR↑=21.7165  SSIM↑=0.9028  MS-SSIM↑=0.9351  LPIPS↓=0.1462  NIQE↓=3.7169  UIQM↑=319.5866  UCIQE↑=inf
[stage 1 | epoch 441 | step 25] loss=0.224469
[stage 1 | epoch 441 | step 50] loss=0.218930
[stage 1 | epoch 441 | step 75] loss=0.222478
[stage 1 | epoch 441 | step 100] loss=0.221583
Stage 1 Epoch 441 | L1=0.072515  PSNR↑=21.6606  SSIM↑=0.9037  MS-SSIM↑=0.9360  LPIPS↓=0.1465  time=25.6s
[stage 1 | epoch 442 | step 25] loss=0.219402
[stage 1 | epoch 442 | step 50] loss=0.212664
[stage 1 | epoch 442 | step 75] loss=0.214554
[stage 1 | epoch 442 | step 100] loss=0.215811
Stage 1 Epoch 442 | L1=0.071792  PSNR↑=21.7814  SSIM↑=0.9037  MS-SSIM↑=0.9354  LPIPS↓=0.1446  time=24.8s
[stage 1 | epoch 443 | step 25] loss=0.235238
[stage 1 | epoch 443 | step 50] loss=0.222282
[stage 1 | epoch 443 | step 75] loss=0.221144
[stage 1 | epoch 443 | step 100] loss=0.218785
Stage 1 Epoch 443 | L1=0.071658  PSNR↑=21.9406  SSIM↑=0.9057  MS-SSIM↑=0.9356  LPIPS↓=0.1435  time=25.1s
[stage 1 | epoch 444 | step 25] loss=0.233800
[stage 1 | epoch 444 | step 50] loss=0.237120
[stage 1 | epoch 444 | step 75] loss=0.232374
[stage 1 | epoch 444 | step 100] loss=0.231247
Stage 1 Epoch 444 | L1=0.073807  PSNR↑=21.4637  SSIM↑=0.8995  MS-SSIM↑=0.9314  LPIPS↓=0.1496  time=24.6s
[stage 1 | epoch 445 | step 25] loss=0.225298
[stage 1 | epoch 445 | step 50] loss=0.224773
[stage 1 | epoch 445 | step 75] loss=0.227294
[stage 1 | epoch 445 | step 100] loss=0.225640
Stage 1 Epoch 445 | L1=0.072335  PSNR↑=21.7004  SSIM↑=0.9044  MS-SSIM↑=0.9342  LPIPS↓=0.1464  time=24.9s
[stage 1 | epoch 446 | step 25] loss=0.188402
[stage 1 | epoch 446 | step 50] loss=0.209100
[stage 1 | epoch 446 | step 75] loss=0.213683
[stage 1 | epoch 446 | step 100] loss=0.218997
Stage 1 Epoch 446 | L1=0.073801  PSNR↑=21.5008  SSIM↑=0.9010  MS-SSIM↑=0.9324  LPIPS↓=0.1471  time=24.1s
[stage 1 | epoch 447 | step 25] loss=0.218053
[stage 1 | epoch 447 | step 50] loss=0.224414
[stage 1 | epoch 447 | step 75] loss=0.230309
[stage 1 | epoch 447 | step 100] loss=0.228306
Stage 1 Epoch 447 | L1=0.074422  PSNR↑=21.3995  SSIM↑=0.8988  MS-SSIM↑=0.9298  LPIPS↓=0.1510  time=24.6s
[stage 1 | epoch 448 | step 25] loss=0.223496
[stage 1 | epoch 448 | step 50] loss=0.218707
[stage 1 | epoch 448 | step 75] loss=0.216813
[stage 1 | epoch 448 | step 100] loss=0.215085
Stage 1 Epoch 448 | L1=0.072920  PSNR↑=21.5896  SSIM↑=0.9018  MS-SSIM↑=0.9331  LPIPS↓=0.1504  time=24.6s
[stage 1 | epoch 449 | step 25] loss=0.208065
[stage 1 | epoch 449 | step 50] loss=0.210838
[stage 1 | epoch 449 | step 75] loss=0.214195
[stage 1 | epoch 449 | step 100] loss=0.218533
Stage 1 Epoch 449 | L1=0.071245  PSNR↑=21.7691  SSIM↑=0.9043  MS-SSIM↑=0.9351  LPIPS↓=0.1477  time=24.8s
[stage 1 | epoch 450 | step 25] loss=0.227008
[stage 1 | epoch 450 | step 50] loss=0.221721
[stage 1 | epoch 450 | step 75] loss=0.220271
[stage 1 | epoch 450 | step 100] loss=0.223994
Stage 1 Epoch 450 | L1=0.072067  PSNR↑=21.7358  SSIM↑=0.9027  MS-SSIM↑=0.9334  LPIPS↓=0.1444  time=24.8s
[stage 1 | epoch 451 | step 25] loss=0.213947
[stage 1 | epoch 451 | step 50] loss=0.225598
[stage 1 | epoch 451 | step 75] loss=0.227133
[stage 1 | epoch 451 | step 100] loss=0.224950
Stage 1 Epoch 451 | L1=0.072333  PSNR↑=21.6188  SSIM↑=0.9009  MS-SSIM↑=0.9326  LPIPS↓=0.1476  time=24.8s
[stage 1 | epoch 452 | step 25] loss=0.210106
[stage 1 | epoch 452 | step 50] loss=0.211506
[stage 1 | epoch 452 | step 75] loss=0.214105
[stage 1 | epoch 452 | step 100] loss=0.213060
Stage 1 Epoch 452 | L1=0.070204  PSNR↑=21.9676  SSIM↑=0.9071  MS-SSIM↑=0.9353  LPIPS↓=0.1412  time=24.5s
[stage 1 | epoch 453 | step 25] loss=0.236847
[stage 1 | epoch 453 | step 50] loss=0.227881
[stage 1 | epoch 453 | step 75] loss=0.223523
[stage 1 | epoch 453 | step 100] loss=0.224963
Stage 1 Epoch 453 | L1=0.072434  PSNR↑=21.6938  SSIM↑=0.9024  MS-SSIM↑=0.9313  LPIPS↓=0.1442  time=24.7s
[stage 1 | epoch 454 | step 25] loss=0.226264
[stage 1 | epoch 454 | step 50] loss=0.226428
[stage 1 | epoch 454 | step 75] loss=0.225977
[stage 1 | epoch 454 | step 100] loss=0.228745
Stage 1 Epoch 454 | L1=0.073612  PSNR↑=21.5359  SSIM↑=0.9019  MS-SSIM↑=0.9321  LPIPS↓=0.1455  time=34.5s
[stage 1 | epoch 455 | step 25] loss=0.223730
[stage 1 | epoch 455 | step 50] loss=0.213081
[stage 1 | epoch 455 | step 75] loss=0.218261
[stage 1 | epoch 455 | step 100] loss=0.217713
Stage 1 Epoch 455 | L1=0.072671  PSNR↑=21.6629  SSIM↑=0.9036  MS-SSIM↑=0.9338  LPIPS↓=0.1470  time=25.2s
[stage 1 | epoch 456 | step 25] loss=0.228563
[stage 1 | epoch 456 | step 50] loss=0.222567
[stage 1 | epoch 456 | step 75] loss=0.225001
[stage 1 | epoch 456 | step 100] loss=0.229445
Stage 1 Epoch 456 | L1=0.073724  PSNR↑=21.4933  SSIM↑=0.8987  MS-SSIM↑=0.9297  LPIPS↓=0.1473  time=24.7s
[stage 1 | epoch 457 | step 25] loss=0.228323
[stage 1 | epoch 457 | step 50] loss=0.226180
[stage 1 | epoch 457 | step 75] loss=0.217062
[stage 1 | epoch 457 | step 100] loss=0.221958
Stage 1 Epoch 457 | L1=0.072139  PSNR↑=21.6881  SSIM↑=0.9039  MS-SSIM↑=0.9346  LPIPS↓=0.1454  time=33.0s
[stage 1 | epoch 458 | step 25] loss=0.220248
[stage 1 | epoch 458 | step 50] loss=0.222156
[stage 1 | epoch 458 | step 75] loss=0.224534
[stage 1 | epoch 458 | step 100] loss=0.225011
Stage 1 Epoch 458 | L1=0.071948  PSNR↑=21.7966  SSIM↑=0.9031  MS-SSIM↑=0.9344  LPIPS↓=0.1445  time=24.6s
[stage 1 | epoch 459 | step 25] loss=0.227166
[stage 1 | epoch 459 | step 50] loss=0.214197
[stage 1 | epoch 459 | step 75] loss=0.212563
[stage 1 | epoch 459 | step 100] loss=0.214238
Stage 1 Epoch 459 | L1=0.071854  PSNR↑=21.7846  SSIM↑=0.9063  MS-SSIM↑=0.9343  LPIPS↓=0.1438  time=27.6s
[stage 1 | epoch 460 | step 25] loss=0.222151
[stage 1 | epoch 460 | step 50] loss=0.225399
[stage 1 | epoch 460 | step 75] loss=0.225075
[stage 1 | epoch 460 | step 100] loss=0.226773
Stage 1 Epoch 460 | L1=0.071507  PSNR↑=21.8122  SSIM↑=0.9032  MS-SSIM↑=0.9342  LPIPS↓=0.1453  time=32.5s
[FULL EVAL] stage=1 epoch=460 | PSNR↑=21.8122  SSIM↑=0.9032  MS-SSIM↑=0.9342  LPIPS↓=0.1453  NIQE↓=3.7201  UIQM↑=316.8495  UCIQE↑=inf
[stage 1 | epoch 461 | step 25] loss=0.245224
[stage 1 | epoch 461 | step 50] loss=0.234192
[stage 1 | epoch 461 | step 75] loss=0.234742
[stage 1 | epoch 461 | step 100] loss=0.231111
Stage 1 Epoch 461 | L1=0.072485  PSNR↑=21.6485  SSIM↑=0.9024  MS-SSIM↑=0.9291  LPIPS↓=0.1452  time=37.2s
[stage 1 | epoch 462 | step 25] loss=0.229249
[stage 1 | epoch 462 | step 50] loss=0.216760
[stage 1 | epoch 462 | step 75] loss=0.220552
[stage 1 | epoch 462 | step 100] loss=0.217819
Stage 1 Epoch 462 | L1=0.072397  PSNR↑=21.7747  SSIM↑=0.9037  MS-SSIM↑=0.9347  LPIPS↓=0.1470  time=24.7s
[stage 1 | epoch 463 | step 25] loss=0.220793
[stage 1 | epoch 463 | step 50] loss=0.222582
[stage 1 | epoch 463 | step 75] loss=0.223072
[stage 1 | epoch 463 | step 100] loss=0.220632
Stage 1 Epoch 463 | L1=0.072291  PSNR↑=21.7086  SSIM↑=0.9019  MS-SSIM↑=0.9335  LPIPS↓=0.1457  time=24.8s
[stage 1 | epoch 464 | step 25] loss=0.200704
[stage 1 | epoch 464 | step 50] loss=0.212260
[stage 1 | epoch 464 | step 75] loss=0.215595
[stage 1 | epoch 464 | step 100] loss=0.214563
Stage 1 Epoch 464 | L1=0.073573  PSNR↑=21.6250  SSIM↑=0.9025  MS-SSIM↑=0.9316  LPIPS↓=0.1483  time=24.7s
[stage 1 | epoch 465 | step 25] loss=0.220312
[stage 1 | epoch 465 | step 50] loss=0.224624
[stage 1 | epoch 465 | step 75] loss=0.226763
[stage 1 | epoch 465 | step 100] loss=0.223997
Stage 1 Epoch 465 | L1=0.071980  PSNR↑=21.8990  SSIM↑=0.9053  MS-SSIM↑=0.9364  LPIPS↓=0.1423  time=24.8s
[stage 1 | epoch 466 | step 25] loss=0.221155
[stage 1 | epoch 466 | step 50] loss=0.222957
[stage 1 | epoch 466 | step 75] loss=0.215145
[stage 1 | epoch 466 | step 100] loss=0.222660
Stage 1 Epoch 466 | L1=0.074487  PSNR↑=21.5286  SSIM↑=0.8995  MS-SSIM↑=0.9309  LPIPS↓=0.1465  time=25.2s
[stage 1 | epoch 467 | step 25] loss=0.233780
[stage 1 | epoch 467 | step 50] loss=0.234656
[stage 1 | epoch 467 | step 75] loss=0.227496
[stage 1 | epoch 467 | step 100] loss=0.225137
Stage 1 Epoch 467 | L1=0.073039  PSNR↑=21.6940  SSIM↑=0.9011  MS-SSIM↑=0.9333  LPIPS↓=0.1464  time=24.9s
[stage 1 | epoch 468 | step 25] loss=0.224755
[stage 1 | epoch 468 | step 50] loss=0.217010
[stage 1 | epoch 468 | step 75] loss=0.218254
[stage 1 | epoch 468 | step 100] loss=0.216940
Stage 1 Epoch 468 | L1=0.073516  PSNR↑=21.5321  SSIM↑=0.9019  MS-SSIM↑=0.9319  LPIPS↓=0.1495  time=24.7s
[stage 1 | epoch 469 | step 25] loss=0.217905
[stage 1 | epoch 469 | step 50] loss=0.221103
[stage 1 | epoch 469 | step 75] loss=0.216971
[stage 1 | epoch 469 | step 100] loss=0.216897
Stage 1 Epoch 469 | L1=0.071213  PSNR↑=21.9105  SSIM↑=0.9069  MS-SSIM↑=0.9358  LPIPS↓=0.1438  time=24.7s
[stage 1 | epoch 470 | step 25] loss=0.226034
[stage 1 | epoch 470 | step 50] loss=0.234470
[stage 1 | epoch 470 | step 75] loss=0.233037
[stage 1 | epoch 470 | step 100] loss=0.232160
Stage 1 Epoch 470 | L1=0.071823  PSNR↑=21.7725  SSIM↑=0.9038  MS-SSIM↑=0.9337  LPIPS↓=0.1447  time=25.0s
[stage 1 | epoch 471 | step 25] loss=0.217918
[stage 1 | epoch 471 | step 50] loss=0.223569
[stage 1 | epoch 471 | step 75] loss=0.226261
[stage 1 | epoch 471 | step 100] loss=0.225784
Stage 1 Epoch 471 | L1=0.073917  PSNR↑=21.4946  SSIM↑=0.8994  MS-SSIM↑=0.9314  LPIPS↓=0.1482  time=24.9s
[stage 1 | epoch 472 | step 25] loss=0.209706
[stage 1 | epoch 472 | step 50] loss=0.215595
[stage 1 | epoch 472 | step 75] loss=0.220109
[stage 1 | epoch 472 | step 100] loss=0.216251
Stage 1 Epoch 472 | L1=0.071834  PSNR↑=21.8114  SSIM↑=0.9044  MS-SSIM↑=0.9347  LPIPS↓=0.1443  time=24.9s
[stage 1 | epoch 473 | step 25] loss=0.219419
[stage 1 | epoch 473 | step 50] loss=0.212694
[stage 1 | epoch 473 | step 75] loss=0.215330
[stage 1 | epoch 473 | step 100] loss=0.215948
Stage 1 Epoch 473 | L1=0.072078  PSNR↑=21.7092  SSIM↑=0.9047  MS-SSIM↑=0.9345  LPIPS↓=0.1452  time=24.9s
[stage 1 | epoch 474 | step 25] loss=0.214268
[stage 1 | epoch 474 | step 50] loss=0.219554
[stage 1 | epoch 474 | step 75] loss=0.221071
[stage 1 | epoch 474 | step 100] loss=0.223883
Stage 1 Epoch 474 | L1=0.071586  PSNR↑=21.8629  SSIM↑=0.9034  MS-SSIM↑=0.9353  LPIPS↓=0.1444  time=25.1s
[stage 1 | epoch 475 | step 25] loss=0.221952
[stage 1 | epoch 475 | step 50] loss=0.226820
[stage 1 | epoch 475 | step 75] loss=0.234221
[stage 1 | epoch 475 | step 100] loss=0.229721
Stage 1 Epoch 475 | L1=0.072677  PSNR↑=21.6176  SSIM↑=0.9008  MS-SSIM↑=0.9312  LPIPS↓=0.1462  time=24.8s
[stage 1 | epoch 476 | step 25] loss=0.234898
[stage 1 | epoch 476 | step 50] loss=0.233283
[stage 1 | epoch 476 | step 75] loss=0.224424
[stage 1 | epoch 476 | step 100] loss=0.220927
Stage 1 Epoch 476 | L1=0.072275  PSNR↑=21.6722  SSIM↑=0.9030  MS-SSIM↑=0.9319  LPIPS↓=0.1460  time=24.6s
[stage 1 | epoch 477 | step 25] loss=0.230249
[stage 1 | epoch 477 | step 50] loss=0.221450
[stage 1 | epoch 477 | step 75] loss=0.215430
[stage 1 | epoch 477 | step 100] loss=0.218395
Stage 1 Epoch 477 | L1=0.073766  PSNR↑=21.5830  SSIM↑=0.9022  MS-SSIM↑=0.9313  LPIPS↓=0.1446  time=48.3s
[stage 1 | epoch 478 | step 25] loss=0.224016
[stage 1 | epoch 478 | step 50] loss=0.213498
[stage 1 | epoch 478 | step 75] loss=0.219170
[stage 1 | epoch 478 | step 100] loss=0.222583
Stage 1 Epoch 478 | L1=0.072489  PSNR↑=21.7201  SSIM↑=0.9025  MS-SSIM↑=0.9326  LPIPS↓=0.1471  time=33.5s
[stage 1 | epoch 479 | step 25] loss=0.222983
[stage 1 | epoch 479 | step 50] loss=0.227181
[stage 1 | epoch 479 | step 75] loss=0.221039
[stage 1 | epoch 479 | step 100] loss=0.213662
Stage 1 Epoch 479 | L1=0.071477  PSNR↑=21.9373  SSIM↑=0.9062  MS-SSIM↑=0.9357  LPIPS↓=0.1425  time=25.0s
[stage 1 | epoch 480 | step 25] loss=0.227400
[stage 1 | epoch 480 | step 50] loss=0.222916
[stage 1 | epoch 480 | step 75] loss=0.224749
[stage 1 | epoch 480 | step 100] loss=0.225878
Stage 1 Epoch 480 | L1=0.072347  PSNR↑=21.6469  SSIM↑=0.8998  MS-SSIM↑=0.9299  LPIPS↓=0.1473  time=24.5s
[FULL EVAL] stage=1 epoch=480 | PSNR↑=21.6469  SSIM↑=0.8998  MS-SSIM↑=0.9299  LPIPS↓=0.1473  NIQE↓=3.7215  UIQM↑=303.6225  UCIQE↑=inf
[stage 1 | epoch 481 | step 25] loss=0.196446
[stage 1 | epoch 481 | step 50] loss=0.211713
[stage 1 | epoch 481 | step 75] loss=0.216405
[stage 1 | epoch 481 | step 100] loss=0.223015
Stage 1 Epoch 481 | L1=0.072279  PSNR↑=21.6565  SSIM↑=0.9014  MS-SSIM↑=0.9331  LPIPS↓=0.1456  time=24.7s
[stage 1 | epoch 482 | step 25] loss=0.217143
[stage 1 | epoch 482 | step 50] loss=0.221196
[stage 1 | epoch 482 | step 75] loss=0.215538
[stage 1 | epoch 482 | step 100] loss=0.213438
Stage 1 Epoch 482 | L1=0.072189  PSNR↑=21.8338  SSIM↑=0.9052  MS-SSIM↑=0.9345  LPIPS↓=0.1454  time=24.7s
[stage 1 | epoch 483 | step 25] loss=0.236381
[stage 1 | epoch 483 | step 50] loss=0.225515
[stage 1 | epoch 483 | step 75] loss=0.225049
[stage 1 | epoch 483 | step 100] loss=0.223433
Stage 1 Epoch 483 | L1=0.073180  PSNR↑=21.5731  SSIM↑=0.9006  MS-SSIM↑=0.9308  LPIPS↓=0.1469  time=25.4s
[stage 1 | epoch 484 | step 25] loss=0.208474
[stage 1 | epoch 484 | step 50] loss=0.215755
[stage 1 | epoch 484 | step 75] loss=0.218065
[stage 1 | epoch 484 | step 100] loss=0.215316
Stage 1 Epoch 484 | L1=0.072893  PSNR↑=21.5376  SSIM↑=0.9002  MS-SSIM↑=0.9325  LPIPS↓=0.1482  time=24.9s
[stage 1 | epoch 485 | step 25] loss=0.201728
[stage 1 | epoch 485 | step 50] loss=0.206390
[stage 1 | epoch 485 | step 75] loss=0.213125
[stage 1 | epoch 485 | step 100] loss=0.213570
Stage 1 Epoch 485 | L1=0.071559  PSNR↑=21.7888  SSIM↑=0.9030  MS-SSIM↑=0.9358  LPIPS↓=0.1431  time=24.7s
[stage 1 | epoch 486 | step 25] loss=0.212666
[stage 1 | epoch 486 | step 50] loss=0.212109
[stage 1 | epoch 486 | step 75] loss=0.218031
[stage 1 | epoch 486 | step 100] loss=0.218603
Stage 1 Epoch 486 | L1=0.070905  PSNR↑=21.8707  SSIM↑=0.9044  MS-SSIM↑=0.9347  LPIPS↓=0.1428  time=25.0s
[stage 1 | epoch 487 | step 25] loss=0.209654
[stage 1 | epoch 487 | step 50] loss=0.222754
[stage 1 | epoch 487 | step 75] loss=0.221433
[stage 1 | epoch 487 | step 100] loss=0.218390
Stage 1 Epoch 487 | L1=0.071271  PSNR↑=21.8945  SSIM↑=0.9051  MS-SSIM↑=0.9356  LPIPS↓=0.1441  time=24.6s
[stage 1 | epoch 488 | step 25] loss=0.219374
[stage 1 | epoch 488 | step 50] loss=0.219609
[stage 1 | epoch 488 | step 75] loss=0.219242
[stage 1 | epoch 488 | step 100] loss=0.220384
Stage 1 Epoch 488 | L1=0.070919  PSNR↑=21.9150  SSIM↑=0.9059  MS-SSIM↑=0.9371  LPIPS↓=0.1437  time=24.6s
[stage 1 | epoch 489 | step 25] loss=0.227339
[stage 1 | epoch 489 | step 50] loss=0.225412
[stage 1 | epoch 489 | step 75] loss=0.222340
[stage 1 | epoch 489 | step 100] loss=0.224561
Stage 1 Epoch 489 | L1=0.071865  PSNR↑=21.7425  SSIM↑=0.9028  MS-SSIM↑=0.9337  LPIPS↓=0.1456  time=24.9s
[stage 1 | epoch 490 | step 25] loss=0.215348
[stage 1 | epoch 490 | step 50] loss=0.219002
[stage 1 | epoch 490 | step 75] loss=0.217594
[stage 1 | epoch 490 | step 100] loss=0.222713
Stage 1 Epoch 490 | L1=0.073958  PSNR↑=21.4989  SSIM↑=0.8981  MS-SSIM↑=0.9288  LPIPS↓=0.1467  time=24.8s
[stage 1 | epoch 491 | step 25] loss=0.218753
[stage 1 | epoch 491 | step 50] loss=0.215549
[stage 1 | epoch 491 | step 75] loss=0.216481
[stage 1 | epoch 491 | step 100] loss=0.217870
Stage 1 Epoch 491 | L1=0.071477  PSNR↑=21.7915  SSIM↑=0.9037  MS-SSIM↑=0.9333  LPIPS↓=0.1482  time=25.2s
[stage 1 | epoch 492 | step 25] loss=0.238109
[stage 1 | epoch 492 | step 50] loss=0.224917
[stage 1 | epoch 492 | step 75] loss=0.221308
[stage 1 | epoch 492 | step 100] loss=0.217354
Stage 1 Epoch 492 | L1=0.070448  PSNR↑=21.9549  SSIM↑=0.9075  MS-SSIM↑=0.9353  LPIPS↓=0.1426  time=24.7s
[stage 1 | epoch 493 | step 25] loss=0.227305
[stage 1 | epoch 493 | step 50] loss=0.221217
[stage 1 | epoch 493 | step 75] loss=0.221734
[stage 1 | epoch 493 | step 100] loss=0.223568
Stage 1 Epoch 493 | L1=0.071102  PSNR↑=21.8322  SSIM↑=0.9032  MS-SSIM↑=0.9329  LPIPS↓=0.1443  time=24.9s
[stage 1 | epoch 494 | step 25] loss=0.227715
[stage 1 | epoch 494 | step 50] loss=0.221062
[stage 1 | epoch 494 | step 75] loss=0.223841
[stage 1 | epoch 494 | step 100] loss=0.223977
Stage 1 Epoch 494 | L1=0.070368  PSNR↑=22.0103  SSIM↑=0.9065  MS-SSIM↑=0.9378  LPIPS↓=0.1435  time=24.8s
[stage 1 | epoch 495 | step 25] loss=0.206267
[stage 1 | epoch 495 | step 50] loss=0.231522
[stage 1 | epoch 495 | step 75] loss=0.228213
[stage 1 | epoch 495 | step 100] loss=0.225000
Stage 1 Epoch 495 | L1=0.072427  PSNR↑=21.6767  SSIM↑=0.9008  MS-SSIM↑=0.9320  LPIPS↓=0.1468  time=24.6s
[stage 1 | epoch 496 | step 25] loss=0.220825
[stage 1 | epoch 496 | step 50] loss=0.217603
[stage 1 | epoch 496 | step 75] loss=0.225113
[stage 1 | epoch 496 | step 100] loss=0.220940
Stage 1 Epoch 496 | L1=0.071049  PSNR↑=21.8660  SSIM↑=0.9042  MS-SSIM↑=0.9331  LPIPS↓=0.1452  time=25.3s
[stage 1 | epoch 497 | step 25] loss=0.225715
[stage 1 | epoch 497 | step 50] loss=0.226742
[stage 1 | epoch 497 | step 75] loss=0.232978
[stage 1 | epoch 497 | step 100] loss=0.229308
Stage 1 Epoch 497 | L1=0.073525  PSNR↑=21.4412  SSIM↑=0.9003  MS-SSIM↑=0.9306  LPIPS↓=0.1481  time=25.3s
[stage 1 | epoch 498 | step 25] loss=0.231998
[stage 1 | epoch 498 | step 50] loss=0.234570
[stage 1 | epoch 498 | step 75] loss=0.221754
[stage 1 | epoch 498 | step 100] loss=0.224367
Stage 1 Epoch 498 | L1=0.073366  PSNR↑=21.6109  SSIM↑=0.9006  MS-SSIM↑=0.9293  LPIPS↓=0.1480  time=24.9s
[stage 1 | epoch 499 | step 25] loss=0.221220
[stage 1 | epoch 499 | step 50] loss=0.219524
[stage 1 | epoch 499 | step 75] loss=0.223302
[stage 1 | epoch 499 | step 100] loss=0.220485
Stage 1 Epoch 499 | L1=0.071251  PSNR↑=21.8019  SSIM↑=0.9042  MS-SSIM↑=0.9342  LPIPS↓=0.1464  time=24.7s
[stage 1 | epoch 500 | step 25] loss=0.215160
[stage 1 | epoch 500 | step 50] loss=0.229477
[stage 1 | epoch 500 | step 75] loss=0.217984
[stage 1 | epoch 500 | step 100] loss=0.218681
Stage 1 Epoch 500 | L1=0.070857  PSNR↑=21.8972  SSIM↑=0.9055  MS-SSIM↑=0.9379  LPIPS↓=0.1456  time=24.4s
[FULL EVAL] stage=1 epoch=500 | PSNR↑=21.8972  SSIM↑=0.9055  MS-SSIM↑=0.9379  LPIPS↓=0.1456  NIQE↓=3.7191  UIQM↑=327.6130  UCIQE↑=inf
[stage 1 | epoch 501 | step 25] loss=0.208262
[stage 1 | epoch 501 | step 50] loss=0.211584
[stage 1 | epoch 501 | step 75] loss=0.209948
[stage 1 | epoch 501 | step 100] loss=0.211564
Stage 1 Epoch 501 | L1=0.070559  PSNR↑=21.9942  SSIM↑=0.9096  MS-SSIM↑=0.9387  LPIPS↓=0.1441  time=24.5s
[stage 1 | epoch 502 | step 25] loss=0.220387
[stage 1 | epoch 502 | step 50] loss=0.217382
[stage 1 | epoch 502 | step 75] loss=0.223213
[stage 1 | epoch 502 | step 100] loss=0.224643
Stage 1 Epoch 502 | L1=0.072622  PSNR↑=21.6770  SSIM↑=0.9041  MS-SSIM↑=0.9327  LPIPS↓=0.1457  time=24.8s
[stage 1 | epoch 503 | step 25] loss=0.212170
[stage 1 | epoch 503 | step 50] loss=0.218678
[stage 1 | epoch 503 | step 75] loss=0.225423
[stage 1 | epoch 503 | step 100] loss=0.221758
Stage 1 Epoch 503 | L1=0.070753  PSNR↑=21.9855  SSIM↑=0.9047  MS-SSIM↑=0.9363  LPIPS↓=0.1424  time=24.9s
[stage 1 | epoch 504 | step 25] loss=0.235355
[stage 1 | epoch 504 | step 50] loss=0.225416
[stage 1 | epoch 504 | step 75] loss=0.223692
[stage 1 | epoch 504 | step 100] loss=0.227601
Stage 1 Epoch 504 | L1=0.071541  PSNR↑=21.7750  SSIM↑=0.9025  MS-SSIM↑=0.9325  LPIPS↓=0.1449  time=25.1s
[stage 1 | epoch 505 | step 25] loss=0.227580
[stage 1 | epoch 505 | step 50] loss=0.223143
[stage 1 | epoch 505 | step 75] loss=0.231620
[stage 1 | epoch 505 | step 100] loss=0.232320
Stage 1 Epoch 505 | L1=0.072974  PSNR↑=21.7143  SSIM↑=0.9020  MS-SSIM↑=0.9312  LPIPS↓=0.1452  time=24.8s
[stage 1 | epoch 506 | step 25] loss=0.211514
[stage 1 | epoch 506 | step 50] loss=0.213043
[stage 1 | epoch 506 | step 75] loss=0.213928
[stage 1 | epoch 506 | step 100] loss=0.215223
Stage 1 Epoch 506 | L1=0.073081  PSNR↑=21.6930  SSIM↑=0.9030  MS-SSIM↑=0.9357  LPIPS↓=0.1435  time=25.0s
[stage 1 | epoch 507 | step 25] loss=0.215602
[stage 1 | epoch 507 | step 50] loss=0.214268
[stage 1 | epoch 507 | step 75] loss=0.212799
[stage 1 | epoch 507 | step 100] loss=0.219106
Stage 1 Epoch 507 | L1=0.071793  PSNR↑=21.7991  SSIM↑=0.9040  MS-SSIM↑=0.9333  LPIPS↓=0.1439  time=24.8s
[stage 1 | epoch 508 | step 25] loss=0.226212
[stage 1 | epoch 508 | step 50] loss=0.214684
[stage 1 | epoch 508 | step 75] loss=0.219356
[stage 1 | epoch 508 | step 100] loss=0.219155
Stage 1 Epoch 508 | L1=0.073603  PSNR↑=21.5777  SSIM↑=0.9006  MS-SSIM↑=0.9314  LPIPS↓=0.1456  time=25.2s
[stage 1 | epoch 509 | step 25] loss=0.223492
[stage 1 | epoch 509 | step 50] loss=0.221365
[stage 1 | epoch 509 | step 75] loss=0.221513
[stage 1 | epoch 509 | step 100] loss=0.219744
Stage 1 Epoch 509 | L1=0.072394  PSNR↑=21.6956  SSIM↑=0.9041  MS-SSIM↑=0.9346  LPIPS↓=0.1461  time=24.6s
[stage 1 | epoch 510 | step 25] loss=0.230706
[stage 1 | epoch 510 | step 50] loss=0.221142
[stage 1 | epoch 510 | step 75] loss=0.225044
[stage 1 | epoch 510 | step 100] loss=0.224085
Stage 1 Epoch 510 | L1=0.072780  PSNR↑=21.5416  SSIM↑=0.9014  MS-SSIM↑=0.9304  LPIPS↓=0.1454  time=24.8s
[stage 1 | epoch 511 | step 25] loss=0.232953
[stage 1 | epoch 511 | step 50] loss=0.230549
[stage 1 | epoch 511 | step 75] loss=0.232775
[stage 1 | epoch 511 | step 100] loss=0.227949
Stage 1 Epoch 511 | L1=0.070747  PSNR↑=22.0172  SSIM↑=0.9064  MS-SSIM↑=0.9353  LPIPS↓=0.1424  time=29.2s
[stage 1 | epoch 512 | step 25] loss=0.220036
[stage 1 | epoch 512 | step 50] loss=0.221439
[stage 1 | epoch 512 | step 75] loss=0.220515
[stage 1 | epoch 512 | step 100] loss=0.219853
Stage 1 Epoch 512 | L1=0.071635  PSNR↑=21.7843  SSIM↑=0.9038  MS-SSIM↑=0.9345  LPIPS↓=0.1448  time=24.9s
[stage 1 | epoch 513 | step 25] loss=0.203863
[stage 1 | epoch 513 | step 50] loss=0.200913
[stage 1 | epoch 513 | step 75] loss=0.204188
[stage 1 | epoch 513 | step 100] loss=0.211191
Stage 1 Epoch 513 | L1=0.071172  PSNR↑=21.8323  SSIM↑=0.9067  MS-SSIM↑=0.9351  LPIPS↓=0.1436  time=24.5s
[stage 1 | epoch 514 | step 25] loss=0.227149
[stage 1 | epoch 514 | step 50] loss=0.217398
[stage 1 | epoch 514 | step 75] loss=0.222486
[stage 1 | epoch 514 | step 100] loss=0.222130
Stage 1 Epoch 514 | L1=0.072168  PSNR↑=21.6185  SSIM↑=0.9028  MS-SSIM↑=0.9341  LPIPS↓=0.1487  time=24.2s
[stage 1 | epoch 515 | step 25] loss=0.207979
[stage 1 | epoch 515 | step 50] loss=0.216980
[stage 1 | epoch 515 | step 75] loss=0.218012
[stage 1 | epoch 515 | step 100] loss=0.219411
Stage 1 Epoch 515 | L1=0.072876  PSNR↑=21.6726  SSIM↑=0.9019  MS-SSIM↑=0.9333  LPIPS↓=0.1448  time=24.9s
[stage 1 | epoch 516 | step 25] loss=0.220191
[stage 1 | epoch 516 | step 50] loss=0.216596
[stage 1 | epoch 516 | step 75] loss=0.221846
[stage 1 | epoch 516 | step 100] loss=0.220138
Stage 1 Epoch 516 | L1=0.071508  PSNR↑=21.7794  SSIM↑=0.9053  MS-SSIM↑=0.9342  LPIPS↓=0.1446  time=24.5s
[stage 1 | epoch 517 | step 25] loss=0.236193
[stage 1 | epoch 517 | step 50] loss=0.228135
[stage 1 | epoch 517 | step 75] loss=0.225151
[stage 1 | epoch 517 | step 100] loss=0.221819
Stage 1 Epoch 517 | L1=0.071992  PSNR↑=21.7166  SSIM↑=0.9035  MS-SSIM↑=0.9351  LPIPS↓=0.1464  time=24.7s
[stage 1 | epoch 518 | step 25] loss=0.224236
[stage 1 | epoch 518 | step 50] loss=0.224449
[stage 1 | epoch 518 | step 75] loss=0.221898
[stage 1 | epoch 518 | step 100] loss=0.225018
Stage 1 Epoch 518 | L1=0.072543  PSNR↑=21.6916  SSIM↑=0.9022  MS-SSIM↑=0.9336  LPIPS↓=0.1468  time=24.7s
[stage 1 | epoch 519 | step 25] loss=0.204065
[stage 1 | epoch 519 | step 50] loss=0.208858
[stage 1 | epoch 519 | step 75] loss=0.216709
[stage 1 | epoch 519 | step 100] loss=0.215598
Stage 1 Epoch 519 | L1=0.073708  PSNR↑=21.5324  SSIM↑=0.9003  MS-SSIM↑=0.9310  LPIPS↓=0.1466  time=25.1s
[stage 1 | epoch 520 | step 25] loss=0.219846
[stage 1 | epoch 520 | step 50] loss=0.218663
[stage 1 | epoch 520 | step 75] loss=0.217500
[stage 1 | epoch 520 | step 100] loss=0.219823
Stage 1 Epoch 520 | L1=0.072858  PSNR↑=21.6835  SSIM↑=0.9029  MS-SSIM↑=0.9334  LPIPS↓=0.1464  time=24.5s
[FULL EVAL] stage=1 epoch=520 | PSNR↑=21.6835  SSIM↑=0.9029  MS-SSIM↑=0.9334  LPIPS↓=0.1464  NIQE↓=3.7133  UIQM↑=314.8772  UCIQE↑=inf
[stage 1 | epoch 521 | step 25] loss=0.210397
[stage 1 | epoch 521 | step 50] loss=0.224325
[stage 1 | epoch 521 | step 75] loss=0.224091
[stage 1 | epoch 521 | step 100] loss=0.221497
Stage 1 Epoch 521 | L1=0.072837  PSNR↑=21.7225  SSIM↑=0.9008  MS-SSIM↑=0.9318  LPIPS↓=0.1457  time=24.7s
[stage 1 | epoch 522 | step 25] loss=0.210983
[stage 1 | epoch 522 | step 50] loss=0.213954
[stage 1 | epoch 522 | step 75] loss=0.214886
[stage 1 | epoch 522 | step 100] loss=0.213334
Stage 1 Epoch 522 | L1=0.070336  PSNR↑=21.9985  SSIM↑=0.9050  MS-SSIM↑=0.9351  LPIPS↓=0.1415  time=24.0s
[stage 1 | epoch 523 | step 25] loss=0.218129
[stage 1 | epoch 523 | step 50] loss=0.220085
[stage 1 | epoch 523 | step 75] loss=0.217217
[stage 1 | epoch 523 | step 100] loss=0.216922
Stage 1 Epoch 523 | L1=0.070997  PSNR↑=21.8290  SSIM↑=0.9052  MS-SSIM↑=0.9353  LPIPS↓=0.1453  time=23.7s
[stage 1 | epoch 524 | step 25] loss=0.223410
[stage 1 | epoch 524 | step 50] loss=0.220031
[stage 1 | epoch 524 | step 75] loss=0.220642
[stage 1 | epoch 524 | step 100] loss=0.220709
Stage 1 Epoch 524 | L1=0.072813  PSNR↑=21.7153  SSIM↑=0.9037  MS-SSIM↑=0.9338  LPIPS↓=0.1436  time=24.5s
[stage 1 | epoch 525 | step 25] loss=0.223934
[stage 1 | epoch 525 | step 50] loss=0.230551
[stage 1 | epoch 525 | step 75] loss=0.230770
[stage 1 | epoch 525 | step 100] loss=0.224503
Stage 1 Epoch 525 | L1=0.073122  PSNR↑=21.5906  SSIM↑=0.9020  MS-SSIM↑=0.9324  LPIPS↓=0.1489  time=24.6s
[stage 1 | epoch 526 | step 25] loss=0.210453
[stage 1 | epoch 526 | step 50] loss=0.219612
[stage 1 | epoch 526 | step 75] loss=0.220127
[stage 1 | epoch 526 | step 100] loss=0.222376
Stage 1 Epoch 526 | L1=0.073204  PSNR↑=21.6881  SSIM↑=0.9019  MS-SSIM↑=0.9316  LPIPS↓=0.1444  time=24.0s
[stage 1 | epoch 527 | step 25] loss=0.242023
[stage 1 | epoch 527 | step 50] loss=0.226340
[stage 1 | epoch 527 | step 75] loss=0.221335
[stage 1 | epoch 527 | step 100] loss=0.225314
Stage 1 Epoch 527 | L1=0.071840  PSNR↑=21.7525  SSIM↑=0.9029  MS-SSIM↑=0.9322  LPIPS↓=0.1441  time=24.4s
[stage 1 | epoch 528 | step 25] loss=0.214413
[stage 1 | epoch 528 | step 50] loss=0.209405
[stage 1 | epoch 528 | step 75] loss=0.211243
[stage 1 | epoch 528 | step 100] loss=0.210691
Stage 1 Epoch 528 | L1=0.070363  PSNR↑=22.0073  SSIM↑=0.9055  MS-SSIM↑=0.9346  LPIPS↓[stage 1 | epoch 529 | step 25] loss=0.229066
[stage 1 | epoch 529 | step 50] loss=0.223210
[stage 1 | epoch 529 | step 75] loss=0.224037
[stage 1 | epoch 529 | step 100] loss=0.224044
Stage 1 Epoch 529 | L1=0.072823  PSNR↑=21.6682  SSIM↑=0.9016  MS-SSIM↑=0.9322  LPIPS↓=0.1439  time=34.1s
[stage 1 | epoch 530 | step 25] loss=0.223970
[stage 1 | epoch 530 | step 50] loss=0.224459
[stage 1 | epoch 530 | step 75] loss=0.226923
[stage 1 | epoch 530 | step 100] loss=0.222729
Stage 1 Epoch 530 | L1=0.072038  PSNR↑=21.7564  SSIM↑=0.9019  MS-SSIM↑=0.9313  LPIPS↓=0.1455  time=37.0s
[stage 1 | epoch 531 | step 25] loss=0.219948
[stage 1 | epoch 531 | step 50] loss=0.227820
[stage 1 | epoch 531 | step 75] loss=0.230238
[stage 1 | epoch 531 | step 100] loss=0.227357
Stage 1 Epoch 531 | L1=0.071028  PSNR↑=21.7801  SSIM↑=0.9023  MS-SSIM↑=0.9324  LPIPS↓=0.1446  time=29.0s
[stage 1 | epoch 532 | step 25] loss=0.224094
[stage 1 | epoch 532 | step 50] loss=0.220020
[stage 1 | epoch 532 | step 75] loss=0.220111
[stage 1 | epoch 532 | step 100] loss=0.222848
Stage 1 Epoch 532 | L1=0.073138  PSNR↑=21.6528  SSIM↑=0.8991  MS-SSIM↑=0.9306  LPIPS↓=0.1463  time=23.7s
[stage 1 | epoch 533 | step 25] loss=0.235234
[stage 1 | epoch 533 | step 50] loss=0.229320
[stage 1 | epoch 533 | step 75] loss=0.228562
[stage 1 | epoch 533 | step 100] loss=0.230198
Stage 1 Epoch 533 | L1=0.074151  PSNR↑=21.4663  SSIM↑=0.8977  MS-SSIM↑=0.9286  LPIPS↓=0.1483  time=24.0s
[stage 1 | epoch 534 | step 25] loss=0.216734
[stage 1 | epoch 534 | step 50] loss=0.218192
[stage 1 | epoch 534 | step 75] loss=0.223046
[stage 1 | epoch 534 | step 100] loss=0.222838
Stage 1 Epoch 534 | L1=0.073070  PSNR↑=21.5302  SSIM↑=0.9003  MS-SSIM↑=0.9318  LPIPS↓=0.1460  time=24.3s
[stage 1 | epoch 535 | step 25] loss=0.208991
[stage 1 | epoch 535 | step 50] loss=0.219026
[stage 1 | epoch 535 | step 75] loss=0.213317
[stage 1 | epoch 535 | step 100] loss=0.216012
Stage 1 Epoch 535 | L1=0.072334  PSNR↑=21.6711  SSIM↑=0.9041  MS-SSIM↑=0.9345  LPIPS↓=0.1467  time=24.1s
[stage 1 | epoch 536 | step 25] loss=0.209956
[stage 1 | epoch 536 | step 50] loss=0.208483
[stage 1 | epoch 536 | step 75] loss=0.207527
[stage 1 | epoch 536 | step 100] loss=0.210221
Stage 1 Epoch 536 | L1=0.072190  PSNR↑=21.7556  SSIM↑=0.9034  MS-SSIM↑=0.9350  LPIPS↓=0.1454  time=24.0s
[stage 1 | epoch 537 | step 25] loss=0.227137
[stage 1 | epoch 537 | step 50] loss=0.221005
[stage 1 | epoch 537 | step 75] loss=0.223467
[stage 1 | epoch 537 | step 100] loss=0.220927
Stage 1 Epoch 537 | L1=0.071264  PSNR↑=21.8498  SSIM↑=0.9032  MS-SSIM↑=0.9339  LPIPS↓=0.1457  time=23.9s
[stage 1 | epoch 538 | step 25] loss=0.216582
[stage 1 | epoch 538 | step 50] loss=0.217426
[stage 1 | epoch 538 | step 75] loss=0.217078
[stage 1 | epoch 538 | step 100] loss=0.218976
Stage 1 Epoch 538 | L1=0.070739  PSNR↑=21.8719  SSIM↑=0.9040  MS-SSIM↑=0.9352  LPIPS↓=0.1452  time=24.4s
[stage 1 | epoch 539 | step 25] loss=0.216675
[stage 1 | epoch 539 | step 50] loss=0.219237
[stage 1 | epoch 539 | step 75] loss=0.218299
[stage 1 | epoch 539 | step 100] loss=0.222979
Stage 1 Epoch 539 | L1=0.071992  PSNR↑=21.7733  SSIM↑=0.9017  MS-SSIM↑=0.9325  LPIPS↓=0.1453  time=23.8s
[stage 1 | epoch 540 | step 25] loss=0.215966
[stage 1 | epoch 540 | step 50] loss=0.218527
[stage 1 | epoch 540 | step 75] loss=0.216658
[stage 1 | epoch 540 | step 100] loss=0.215009
Stage 1 Epoch 540 | L1=0.070699  PSNR↑=21.9254  SSIM↑=0.9065  MS-SSIM↑=0.9363  LPIPS↓=0.1430  time=24.0s
[FULL EVAL] stage=1 epoch=540 | PSNR↑=21.9254  SSIM↑=0.9065  MS-SSIM↑=0.9363  LPIPS↓=0.1430  NIQE↓=3.7184  UIQM↑=325.0281  UCIQE↑=inf
[stage 1 | epoch 541 | step 25] loss=0.212148
[stage 1 | epoch 541 | step 50] loss=0.213985
[stage 1 | epoch 541 | step 75] loss=0.215687
[stage 1 | epoch 541 | step 100] loss=0.214806
Stage 1 Epoch 541 | L1=0.070792  PSNR↑=21.9083  SSIM↑=0.9053  MS-SSIM↑=0.9343  LPIPS↓=0.1431  time=23.9s
[stage 1 | epoch 542 | step 25] loss=0.215609
[stage 1 | epoch 542 | step 50] loss=0.230475
[stage 1 | epoch 542 | step 75] loss=0.223166
[stage 1 | epoch 542 | step 100] loss=0.221989
Stage 1 Epoch 542 | L1=0.072378  PSNR↑=21.7144  SSIM↑=0.9003  MS-SSIM↑=0.9319  LPIPS↓=0.1445  time=24.3s
[stage 1 | epoch 543 | step 25] loss=0.218241
[stage 1 | epoch 543 | step 50] loss=0.214514
[stage 1 | epoch 543 | step 75] loss=0.216605
[stage 1 | epoch 543 | step 100] loss=0.215541
Stage 1 Epoch 543 | L1=0.069828  PSNR↑=21.9652  SSIM↑=0.9081  MS-SSIM↑=0.9368  LPIPS↓=0.1415  time=24.2s
[stage 1 | epoch 544 | step 25] loss=0.228550
[stage 1 | epoch 544 | step 50] loss=0.215770
[stage 1 | epoch 544 | step 75] loss=0.213441
[stage 1 | epoch 544 | step 100] loss=0.217687
Stage 1 Epoch 544 | L1=0.069938  PSNR↑=22.0483  SSIM↑=0.9061  MS-SSIM↑=0.9352  LPIPS↓=0.1426  time=24.1s
[stage 1 | epoch 545 | step 25] loss=0.211768
[stage 1 | epoch 545 | step 50] loss=0.214281
[stage 1 | epoch 545 | step 75] loss=0.216300
[stage 1 | epoch 545 | step 100] loss=0.214440
Stage 1 Epoch 545 | L1=0.071482  PSNR↑=21.8388  SSIM↑=0.9041  MS-SSIM↑=0.9334  LPIPS↓=0.1448  time=24.2s
[stage 1 | epoch 546 | step 25] loss=0.214536
[stage 1 | epoch 546 | step 50] loss=0.218686
[stage 1 | epoch 546 | step 75] loss=0.216247
[stage 1 | epoch 546 | step 100] loss=0.214277
Stage 1 Epoch 546 | L1=0.070765  PSNR↑=22.0633  SSIM↑=0.9073  MS-SSIM↑=0.9382  LPIPS↓=0.1411  time=24.1s
[stage 1 | epoch 547 | step 25] loss=0.225638
[stage 1 | epoch 547 | step 50] loss=0.219882
[stage 1 | epoch 547 | step 75] loss=0.220206
[stage 1 | epoch 547 | step 100] loss=0.220798
Stage 1 Epoch 547 | L1=0.071994  PSNR↑=21.8370  SSIM↑=0.9061  MS-SSIM↑=0.9352  LPIPS↓=0.1444  time=23.8s
[stage 1 | epoch 548 | step 25] loss=0.236758
[stage 1 | epoch 548 | step 50] loss=0.230165
[stage 1 | epoch 548 | step 75] loss=0.219420
[stage 1 | epoch 548 | step 100] loss=0.219085
Stage 1 Epoch 548 | L1=0.071499  PSNR↑=21.8437  SSIM↑=0.9059  MS-SSIM↑=0.9362  LPIPS↓=0.1437  time=41.7s
[stage 1 | epoch 549 | step 25] loss=0.230378
[stage 1 | epoch 549 | step 50] loss=0.241534
[stage 1 | epoch 549 | step 75] loss=0.230226
[stage 1 | epoch 549 | step 100] loss=0.228601
Stage 1 Epoch 549 | L1=0.071588  PSNR↑=21.8568  SSIM↑=0.9063  MS-SSIM↑=0.9350  LPIPS↓=0.1454  time=32.1s
[stage 1 | epoch 550 | step 25] loss=0.217605
[stage 1 | epoch 550 | step 50] loss=0.223411
[stage 1 | epoch 550 | step 75] loss=0.222202
[stage 1 | epoch 550 | step 100] loss=0.223274
Stage 1 Epoch 550 | L1=0.072751  PSNR↑=21.5571  SSIM↑=0.9035  MS-SSIM↑=0.9326  LPIPS↓=0.1442  time=35.3s
[stage 1 | epoch 551 | step 25] loss=0.202284
[stage 1 | epoch 551 | step 50] loss=0.212126
[stage 1 | epoch 551 | step 75] loss=0.222161
[stage 1 | epoch 551 | step 100] loss=0.220201
Stage 1 Epoch 551 | L1=0.072805  PSNR↑=21.7059  SSIM↑=0.9042  MS-SSIM↑=0.9353  LPIPS↓=0.1457  time=24.2s
[stage 1 | epoch 552 | step 25] loss=0.219188
[stage 1 | epoch 552 | step 50] loss=0.219943
[stage 1 | epoch 552 | step 75] loss=0.220424
[stage 1 | epoch 552 | step 100] loss=0.220444
Stage 1 Epoch 552 | L1=0.073683  PSNR↑=21.5555  SSIM↑=0.9013  MS-SSIM↑=0.9334  LPIPS↓=0.1490  time=23.8s
[stage 1 | epoch 553 | step 25] loss=0.215055
[stage 1 | epoch 553 | step 50] loss=0.225979
[stage 1 | epoch 553 | step 75] loss=0.222988
[stage 1 | epoch 553 | step 100] loss=0.223732
Stage 1 Epoch 553 | L1=0.071879  PSNR↑=21.6862  SSIM↑=0.9020  MS-SSIM↑=0.9337  LPIPS↓=0.1457  time=24.3s
[stage 1 | epoch 554 | step 25] loss=0.228494
[stage 1 | epoch 554 | step 50] loss=0.229995
[stage 1 | epoch 554 | step 75] loss=0.225683
[stage 1 | epoch 554 | step 100] loss=0.230583
Stage 1 Epoch 554 | L1=0.072803  PSNR↑=21.6054  SSIM↑=0.9010  MS-SSIM↑=0.9323  LPIPS↓=0.1485  time=24.1s
[stage 1 | epoch 555 | step 25] loss=0.215007
[stage 1 | epoch 555 | step 50] loss=0.223583
[stage 1 | epoch 555 | step 75] loss=0.221744
[stage 1 | epoch 555 | step 100] loss=0.223318
Stage 1 Epoch 555 | L1=0.073583  PSNR↑=21.5680  SSIM↑=0.9025  MS-SSIM↑=0.9327  LPIPS↓=0.1448  time=24.1s
[stage 1 | epoch 556 | step 25] loss=0.225454
[stage 1 | epoch 556 | step 50] loss=0.220102
[stage 1 | epoch 556 | step 75] loss=0.221340
[stage 1 | epoch 556 | step 100] loss=0.214546
Stage 1 Epoch 556 | L1=0.070934  PSNR↑=21.9244  SSIM↑=0.9081  MS-SSIM↑=0.9381  LPIPS↓=0.1427  time=24.6s
[stage 1 | epoch 557 | step 25] loss=0.214660
[stage 1 | epoch 557 | step 50] loss=0.224873
[stage 1 | epoch 557 | step 75] loss=0.222989
[stage 1 | epoch 557 | step 100] loss=0.224882
Stage 1 Epoch 557 | L1=0.073649  PSNR↑=21.4404  SSIM↑=0.9034  MS-SSIM↑=0.9328  LPIPS↓=0.1479  time=24.2s
[stage 1 | epoch 558 | step 25] loss=0.203677
[stage 1 | epoch 558 | step 50] loss=0.210220
[stage 1 | epoch 558 | step 75] loss=0.218342
[stage 1 | epoch 558 | step 100] loss=0.220752
Stage 1 Epoch 558 | L1=0.075082  PSNR↑=21.3271  SSIM↑=0.9023  MS-SSIM↑=0.9324  LPIPS↓=0.1484  time=24.4s
[stage 1 | epoch 559 | step 25] loss=0.218412
[stage 1 | epoch 559 | step 50] loss=0.224104
[stage 1 | epoch 559 | step 75] loss=0.220239
[stage 1 | epoch 559 | step 100] loss=0.222544
Stage 1 Epoch 559 | L1=0.072482  PSNR↑=21.6856  SSIM↑=0.9054  MS-SSIM↑=0.9335  LPIPS↓=0.1431  time=23.9s
[stage 1 | epoch 560 | step 25] loss=0.196075
[stage 1 | epoch 560 | step 50] loss=0.210166
[stage 1 | epoch 560 | step 75] loss=0.212384
[stage 1 | epoch 560 | step 100] loss=0.214383
Stage 1 Epoch 560 | L1=0.071904  PSNR↑=21.7482  SSIM↑=0.9045  MS-SSIM↑=0.9345  LPIPS↓=0.1443  time=24.0s
[FULL EVAL] stage=1 epoch=560 | PSNR↑=21.7482  SSIM↑=0.9045  MS-SSIM↑=0.9345  LPIPS↓=0.1443  NIQE↓=3.7181  UIQM↑=316.7112  UCIQE↑=inf
[stage 1 | epoch 561 | step 25] loss=0.222790
[stage 1 | epoch 561 | step 50] loss=0.218035
[stage 1 | epoch 561 | step 75] loss=0.223284
[stage 1 | epoch 561 | step 100] loss=0.222291
Stage 1 Epoch 561 | L1=0.070080  PSNR↑=21.9917  SSIM↑=0.9066  MS-SSIM↑=0.9371  LPIPS↓=0.1423  time=24.3s
[stage 1 | epoch 562 | step 25] loss=0.219212
[stage 1 | epoch 562 | step 50] loss=0.214085
[stage 1 | epoch 562 | step 75] loss=0.220008
[stage 1 | epoch 562 | step 100] loss=0.224009
Stage 1 Epoch 562 | L1=0.072675  PSNR↑=21.5856  SSIM↑=0.9026  MS-SSIM↑=0.9322  LPIPS↓=0.1453  time=24.4s
[stage 1 | epoch 563 | step 25] loss=0.222851
[stage 1 | epoch 563 | step 50] loss=0.225052
[stage 1 | epoch 563 | step 75] loss=0.224361
[stage 1 | epoch 563 | step 100] loss=0.223341
Stage 1 Epoch 563 | L1=0.071627  PSNR↑=21.8289  SSIM↑=0.9045  MS-SSIM↑=0.9356  LPIPS↓=0.1440  time=23.9s
[stage 1 | epoch 564 | step 25] loss=0.210581
[stage 1 | epoch 564 | step 50] loss=0.210576
[stage 1 | epoch 564 | step 75] loss=0.212682
[stage 1 | epoch 564 | step 100] loss=0.215978
Stage 1 Epoch 564 | L1=0.070463  PSNR↑=21.8999  SSIM↑=0.9057  MS-SSIM↑=0.9361  LPIPS↓=0.1443  time=24.0s
[stage 1 | epoch 565 | step 25] loss=0.210029
[stage 1 | epoch 565 | step 50] loss=0.218945
[stage 1 | epoch 565 | step 75] loss=0.221926
[stage 1 | epoch 565 | step 100] loss=0.224058
Stage 1 Epoch 565 | L1=0.073184  PSNR↑=21.5228  SSIM↑=0.8990  MS-SSIM↑=0.9292  LPIPS↓=0.1457  time=23.9s
[stage 1 | epoch 566 | step 25] loss=0.224562
[stage 1 | epoch 566 | step 50] loss=0.227499
[stage 1 | epoch 566 | step 75] loss=0.229304
[stage 1 | epoch 566 | step 100] loss=0.227421
Stage 1 Epoch 566 | L1=0.074077  PSNR↑=21.4262  SSIM↑=0.8970  MS-SSIM↑=0.9297  LPIPS↓=0.1495  time=32.3s
[stage 1 | epoch 567 | step 25] loss=0.229321
[stage 1 | epoch 567 | step 50] loss=0.216552
[stage 1 | epoch 567 | step 75] loss=0.216777
[stage 1 | epoch 567 | step 100] loss=0.218840
Stage 1 Epoch 567 | L1=0.072496  PSNR↑=21.7670  SSIM↑=0.9037  MS-SSIM↑=0.9335  LPIPS↓=0.1431  time=24.1s
[stage 1 | epoch 568 | step 25] loss=0.247146
[stage 1 | epoch 568 | step 50] loss=0.231555
[stage 1 | epoch 568 | step 75] loss=0.232135
[stage 1 | epoch 568 | step 100] loss=0.228413
Stage 1 Epoch 568 | L1=0.073965  PSNR↑=21.5400  SSIM↑=0.9017  MS-SSIM↑=0.9310  LPIPS↓=0.1465  time=24.3s
[stage 1 | epoch 569 | step 25] loss=0.214278
[stage 1 | epoch 569 | step 50] loss=0.224881
[stage 1 | epoch 569 | step 75] loss=0.223054
[stage 1 | epoch 569 | step 100] loss=0.222995
Stage 1 Epoch 569 | L1=0.070516  PSNR↑=21.9415  SSIM↑=0.9078  MS-SSIM↑=0.9368  LPIPS↓=0.1440  time=24.4s
[stage 1 | epoch 570 | step 25] loss=0.223171
[stage 1 | epoch 570 | step 50] loss=0.226653
[stage 1 | epoch 570 | step 75] loss=0.220748
[stage 1 | epoch 570 | step 100] loss=0.222222
Stage 1 Epoch 570 | L1=0.072262  PSNR↑=21.7599  SSIM↑=0.9051  MS-SSIM↑=0.9353  LPIPS↓=0.1472  time=24.3s
[stage 1 | epoch 571 | step 25] loss=0.211147
[stage 1 | epoch 571 | step 50] loss=0.221997
[stage 1 | epoch 571 | step 75] loss=0.222098
[stage 1 | epoch 571 | step 100] loss=0.228595
Stage 1 Epoch 571 | L1=0.072163  PSNR↑=21.6911  SSIM↑=0.9026  MS-SSIM↑=0.9328  LPIPS↓=0.1460  time=24.1s
[stage 1 | epoch 572 | step 25] loss=0.226718
[stage 1 | epoch 572 | step 50] loss=0.214289
[stage 1 | epoch 572 | step 75] loss=0.213087
[stage 1 | epoch 572 | step 100] loss=0.214479
Stage 1 Epoch 572 | L1=0.071411  PSNR↑=21.9237  SSIM↑=0.9078  MS-SSIM↑=0.9376  LPIPS↓=0.1412  time=24.1s
[stage 1 | epoch 573 | step 25] loss=0.212892
[stage 1 | epoch 573 | step 50] loss=0.217883
[stage 1 | epoch 573 | step 75] loss=0.222823
[stage 1 | epoch 573 | step 100] loss=0.221688
Stage 1 Epoch 573 | L1=0.072751  PSNR↑=21.6306  SSIM↑=0.9052  MS-SSIM↑=0.9332  LPIPS↓=0.1447  time=24.2s
[stage 1 | epoch 574 | step 25] loss=0.217473
[stage 1 | epoch 574 | step 50] loss=0.215322
[stage 1 | epoch 574 | step 75] loss=0.212979
[stage 1 | epoch 574 | step 100] loss=0.215874
Stage 1 Epoch 574 | L1=0.071544  PSNR↑=21.7081  SSIM↑=0.9045  MS-SSIM↑=0.9356  LPIPS↓=0.1441  time=24.0s
[stage 1 | epoch 575 | step 25] loss=0.213373
[stage 1 | epoch 575 | step 50] loss=0.222861
[stage 1 | epoch 575 | step 75] loss=0.222182
[stage 1 | epoch 575 | step 100] loss=0.225010
Stage 1 Epoch 575 | L1=0.072837  PSNR↑=21.6032  SSIM↑=0.9025  MS-SSIM↑=0.9330  LPIPS↓=0.1450  time=23.8s
[stage 1 | epoch 576 | step 25] loss=0.221947
[stage 1 | epoch 576 | step 50] loss=0.217411
[stage 1 | epoch 576 | step 75] loss=0.214699
[stage 1 | epoch 576 | step 100] loss=0.211663
Stage 1 Epoch 576 | L1=0.071836  PSNR↑=21.7595  SSIM↑=0.9062  MS-SSIM↑=0.9390  LPIPS↓=0.1434  time=23.8s
[stage 1 | epoch 577 | step 25] loss=0.225536
[stage 1 | epoch 577 | step 50] loss=0.226026
[stage 1 | epoch 577 | step 75] loss=0.224427
[stage 1 | epoch 577 | step 100] loss=0.222679
Stage 1 Epoch 577 | L1=0.073353  PSNR↑=21.6308  SSIM↑=0.9039  MS-SSIM↑=0.9349  LPIPS↓=0.1470  time=23.9s
[stage 1 | epoch 578 | step 25] loss=0.208106
[stage 1 | epoch 578 | step 50] loss=0.219605
[stage 1 | epoch 578 | step 75] loss=0.211092
[stage 1 | epoch 578 | step 100] loss=0.214361
Stage 1 Epoch 578 | L1=0.071550  PSNR↑=21.9095  SSIM↑=0.9082  MS-SSIM↑=0.9380  LPIPS↓=0.1420  time=23.8s
[stage 1 | epoch 579 | step 25] loss=0.218300
[stage 1 | epoch 579 | step 50] loss=0.216749
[stage 1 | epoch 579 | step 75] loss=0.217819
[stage 1 | epoch 579 | step 100] loss=0.221492
Stage 1 Epoch 579 | L1=0.073294  PSNR↑=21.5774  SSIM↑=0.9027  MS-SSIM↑=0.9330  LPIPS↓=0.1462  time=23.9s
[stage 1 | epoch 580 | step 25] loss=0.209872
[stage 1 | epoch 580 | step 50] loss=0.220731
[stage 1 | epoch 580 | step 75] loss=0.225361
[stage 1 | epoch 580 | step 100] loss=0.220021
Stage 1 Epoch 580 | L1=0.072264  PSNR↑=21.7158  SSIM↑=0.9053  MS-SSIM↑=0.9352  LPIPS↓=0.1448  time=23.8s
[FULL EVAL] stage=1 epoch=580 | PSNR↑=21.7158  SSIM↑=0.9053  MS-SSIM↑=0.9352  LPIPS↓=0.1448  NIQE↓=3.7215  UIQM↑=317.9272  UCIQE↑=inf
[stage 1 | epoch 581 | step 25] loss=0.212059
[stage 1 | epoch 581 | step 50] loss=0.213960
[stage 1 | epoch 581 | step 75] loss=0.212957
[stage 1 | epoch 581 | step 100] loss=0.218540
Stage 1 Epoch 581 | L1=0.072584  PSNR↑=21.7148  SSIM↑=0.9056  MS-SSIM↑=0.9332  LPIPS↓=0.1433  time=24.0s
[stage 1 | epoch 582 | step 25] loss=0.215597
[stage 1 | epoch 582 | step 50] loss=0.222511
[stage 1 | epoch 582 | step 75] loss=0.226303
[stage 1 | epoch 582 | step 100] loss=0.224287
Stage 1 Epoch 582 | L1=0.070238  PSNR↑=21.9856  SSIM↑=0.9066  MS-SSIM↑=0.9361  LPIPS↓=0.1410  time=31.1s
[stage 1 | epoch 583 | step 25] loss=0.212778
[stage 1 | epoch 583 | step 50] loss=0.215234
[stage 1 | epoch 583 | step 75] loss=0.217247
[stage 1 | epoch 583 | step 100] loss=0.220643
Stage 1 Epoch 583 | L1=0.073905  PSNR↑=21.4899  SSIM↑=0.9000  MS-SSIM↑=0.9323  LPIPS↓=0.1476  time=47.6s
[stage 1 | epoch 584 | step 25] loss=0.230796
[stage 1 | epoch 584 | step 50] loss=0.226631
[stage 1 | epoch 584 | step 75] loss=0.218774
[stage 1 | epoch 584 | step 100] loss=0.215979
Stage 1 Epoch 584 | L1=0.071447  PSNR↑=21.7253  SSIM↑=0.9046  MS-SSIM↑=0.9342  LPIPS↓=0.1446  time=23.8s
[stage 1 | epoch 585 | step 25] loss=0.206704
[stage 1 | epoch 585 | step 50] loss=0.211557
[stage 1 | epoch 585 | step 75] loss=0.213866
[stage 1 | epoch 585 | step 100] loss=0.215249
Stage 1 Epoch 585 | L1=0.071336  PSNR↑=21.8291  SSIM↑=0.9057  MS-SSIM↑=0.9354  LPIPS↓=0.1435  time=24.4s
[stage 1 | epoch 586 | step 25] loss=0.215488
[stage 1 | epoch 586 | step 50] loss=0.213957
[stage 1 | epoch 586 | step 75] loss=0.221568
[stage 1 | epoch 586 | step 100] loss=0.225035
Stage 1 Epoch 586 | L1=0.073955  PSNR↑=21.5490  SSIM↑=0.8996  MS-SSIM↑=0.9318  LPIPS↓=0.1464  time=24.2s
[stage 1 | epoch 587 | step 25] loss=0.198467
[stage 1 | epoch 587 | step 50] loss=0.202639
[stage 1 | epoch 587 | step 75] loss=0.205453
[stage 1 | epoch 587 | step 100] loss=0.208496
Stage 1 Epoch 587 | L1=0.071376  PSNR↑=21.8002  SSIM↑=0.9041  MS-SSIM↑=0.9350  LPIPS↓=0.1439  time=23.9s
[stage 1 | epoch 588 | step 25] loss=0.216328
[stage 1 | epoch 588 | step 50] loss=0.219770
[stage 1 | epoch 588 | step 75] loss=0.213073
[stage 1 | epoch 588 | step 100] loss=0.216115
Stage 1 Epoch 588 | L1=0.071320  PSNR↑=21.7923  SSIM↑=0.9052  MS-SSIM↑=0.9360  LPIPS↓=0.1439  time=24.0s
[stage 1 | epoch 589 | step 25] loss=0.221526
[stage 1 | epoch 589 | step 50] loss=0.219725
[stage 1 | epoch 589 | step 75] loss=0.219771
[stage 1 | epoch 589 | step 100] loss=0.219711
Stage 1 Epoch 589 | L1=0.072871  PSNR↑=21.6593  SSIM↑=0.9034  MS-SSIM↑=0.9315  LPIPS↓=0.1447  time=24.3s
[stage 1 | epoch 590 | step 25] loss=0.226070
[stage 1 | epoch 590 | step 50] loss=0.229982
[stage 1 | epoch 590 | step 75] loss=0.222236
[stage 1 | epoch 590 | step 100] loss=0.220068
Stage 1 Epoch 590 | L1=0.071995  PSNR↑=21.7011  SSIM↑=0.9034  MS-SSIM↑=0.9328  LPIPS↓=0.1436  time=24.0s
[stage 1 | epoch 591 | step 25] loss=0.230683
[stage 1 | epoch 591 | step 50] loss=0.226877
[stage 1 | epoch 591 | step 75] loss=0.222280
[stage 1 | epoch 591 | step 100] loss=0.224847
Stage 1 Epoch 591 | L1=0.072193  PSNR↑=21.6974  SSIM↑=0.9019  MS-SSIM↑=0.9331  LPIPS↓=0.1453  time=24.0s
[stage 1 | epoch 592 | step 25] loss=0.236313
[stage 1 | epoch 592 | step 50] loss=0.231376
[stage 1 | epoch 592 | step 75] loss=0.231110
[stage 1 | epoch 592 | step 100] loss=0.228257
Stage 1 Epoch 592 | L1=0.073161  PSNR↑=21.5473  SSIM↑=0.8988  MS-SSIM↑=0.9309  LPIPS↓=0.1474  time=24.3s
[stage 1 | epoch 593 | step 25] loss=0.219195
[stage 1 | epoch 593 | step 50] loss=0.220473
[stage 1 | epoch 593 | step 75] loss=0.216335
[stage 1 | epoch 593 | step 100] loss=0.217960
Stage 1 Epoch 593 | L1=0.070917  PSNR↑=21.9039  SSIM↑=0.9047  MS-SSIM↑=0.9349  LPIPS↓=0.1422  time=23.8s
[stage 1 | epoch 594 | step 25] loss=0.210881
[stage 1 | epoch 594 | step 50] loss=0.215032
[stage 1 | epoch 594 | step 75] loss=0.210362
[stage 1 | epoch 594 | step 100] loss=0.210418
Stage 1 Epoch 594 | L1=0.070992  PSNR↑=21.9355  SSIM↑=0.9065  MS-SSIM↑=0.9362  LPIPS↓=0.1425  time=23.9s
[stage 1 | epoch 595 | step 25] loss=0.215103
[stage 1 | epoch 595 | step 50] loss=0.211084
[stage 1 | epoch 595 | step 75] loss=0.213610
[stage 1 | epoch 595 | step 100] loss=0.215861
Stage 1 Epoch 595 | L1=0.072027  PSNR↑=21.7838  SSIM↑=0.9039  MS-SSIM↑=0.9357  LPIPS↓=0.1441  time=24.3s
[stage 1 | epoch 596 | step 25] loss=0.217486
[stage 1 | epoch 596 | step 50] loss=0.215955
[stage 1 | epoch 596 | step 75] loss=0.215020
[stage 1 | epoch 596 | step 100] loss=0.217006
Stage 1 Epoch 596 | L1=0.071152  PSNR↑=21.7651  SSIM↑=0.9065  MS-SSIM↑=0.9345  LPIPS↓=0.1470  time=24.0s
[stage 1 | epoch 597 | step 25] loss=0.201148
[stage 1 | epoch 597 | step 50] loss=0.218029
[stage 1 | epoch 597 | step 75] loss=0.216611
[stage 1 | epoch 597 | step 100] loss=0.216385
Stage 1 Epoch 597 | L1=0.072524  PSNR↑=21.6415  SSIM↑=0.9036  MS-SSIM↑=0.9333  LPIPS↓=0.1457  time=24.1s
[stage 1 | epoch 598 | step 25] loss=0.225865
[stage 1 | epoch 598 | step 50] loss=0.226310
[stage 1 | epoch 598 | step 75] loss=0.221350
[stage 1 | epoch 598 | step 100] loss=0.216992
Stage 1 Epoch 598 | L1=0.072460  PSNR↑=21.6859  SSIM↑=0.9020  MS-SSIM↑=0.9346  LPIPS↓=0.1441  time=24.0s
[stage 1 | epoch 599 | step 25] loss=0.205939
[stage 1 | epoch 599 | step 50] loss=0.218847
[stage 1 | epoch 599 | step 75] loss=0.223876
[stage 1 | epoch 599 | step 100] loss=0.221848
Stage 1 Epoch 599 | L1=0.074082  PSNR↑=21.4899  SSIM↑=0.9012  MS-SSIM↑=0.9348  LPIPS↓=0.1464  time=26.7s
[stage 1 | epoch 600 | step 25] loss=0.225244
[stage 1 | epoch 600 | step 50] loss=0.219396
[stage 1 | epoch 600 | step 75] loss=0.219247
[stage 1 | epoch 600 | step 100] loss=0.218266
Stage 1 Epoch 600 | L1=0.071802  PSNR↑=21.7008  SSIM↑=0.9057  MS-SSIM↑=0.9353  LPIPS↓=0.1443  time=32.0s
[FULL EVAL] stage=1 epoch=600 | PSNR↑=21.7008  SSIM↑=0.9057  MS-SSIM↑=0.9353  LPIPS↓=0.1443  NIQE↓=3.7159  UIQM↑=319.9625  UCIQE↑=inf
[stage 1 | epoch 601 | step 25] loss=0.232318
[stage 1 | epoch 601 | step 50] loss=0.225887
[stage 1 | epoch 601 | step 75] loss=0.221169
[stage 1 | epoch 601 | step 100] loss=0.221042
Stage 1 Epoch 601 | L1=0.071273  PSNR↑=21.7859  SSIM↑=0.9050  MS-SSIM↑=0.9348  LPIPS↓=0.1435  time=24.1s
[stage 1 | epoch 602 | step 25] loss=0.204692
[stage 1 | epoch 602 | step 50] loss=0.211788
[stage 1 | epoch 602 | step 75] loss=0.211436
[stage 1 | epoch 602 | step 100] loss=0.213577
Stage 1 Epoch 602 | L1=0.073120  PSNR↑=21.5820  SSIM↑=0.9013  MS-SSIM↑=0.9336  LPIPS↓=0.1464  time=24.4s
[stage 1 | epoch 603 | step 25] loss=0.223771
[stage 1 | epoch 603 | step 50] loss=0.223472
[stage 1 | epoch 603 | step 75] loss=0.226406
[stage 1 | epoch 603 | step 100] loss=0.226281
Stage 1 Epoch 603 | L1=0.074169  PSNR↑=21.4491  SSIM↑=0.8990  MS-SSIM↑=0.9302  LPIPS↓=0.1479  time=24.0s
[stage 1 | epoch 604 | step 25] loss=0.222249
[stage 1 | epoch 604 | step 50] loss=0.217199
[stage 1 | epoch 604 | step 75] loss=0.221273
[stage 1 | epoch 604 | step 100] loss=0.219201
Stage 1 Epoch 604 | L1=0.071712  PSNR↑=21.8181  SSIM↑=0.9051  MS-SSIM↑=0.9373  LPIPS↓=0.1425  time=24.2s
[stage 1 | epoch 605 | step 25] loss=0.214666
[stage 1 | epoch 605 | step 50] loss=0.217668
[stage 1 | epoch 605 | step 75] loss=0.219830
[stage 1 | epoch 605 | step 100] loss=0.221477
Stage 1 Epoch 605 | L1=0.071398  PSNR↑=21.8107  SSIM↑=0.9058  MS-SSIM↑=0.9356  LPIPS↓=0.1448  time=23.8s
[stage 1 | epoch 606 | step 25] loss=0.226398
[stage 1 | epoch 606 | step 50] loss=0.220239
[stage 1 | epoch 606 | step 75] loss=0.220657
[stage 1 | epoch 606 | step 100] loss=0.218115
Stage 1 Epoch 606 | L1=0.071349  PSNR↑=21.7808  SSIM↑=0.9045  MS-SSIM↑=0.9327  LPIPS↓=0.1422  time=24.2s
[stage 1 | epoch 607 | step 25] loss=0.212473
[stage 1 | epoch 607 | step 50] loss=0.217458
[stage 1 | epoch 607 | step 75] loss=0.218635
[stage 1 | epoch 607 | step 100] loss=0.218008
Stage 1 Epoch 607 | L1=0.072046  PSNR↑=21.7837  SSIM↑=0.9056  MS-SSIM↑=0.9350  LPIPS↓=0.1437  time=23.8s
[stage 1 | epoch 608 | step 25] loss=0.200834
[stage 1 | epoch 608 | step 50] loss=0.211533
[stage 1 | epoch 608 | step 75] loss=0.210766
[stage 1 | epoch 608 | step 100] loss=0.211309
Stage 1 Epoch 608 | L1=0.070598  PSNR↑=21.9579  SSIM↑=0.9058  MS-SSIM↑=0.9380  LPIPS↓=0.1413  time=23.8s
[stage 1 | epoch 609 | step 25] loss=0.220349
[stage 1 | epoch 609 | step 50] loss=0.231982
[stage 1 | epoch 609 | step 75] loss=0.228200
[stage 1 | epoch 609 | step 100] loss=0.226422
Stage 1 Epoch 609 | L1=0.071664  PSNR↑=21.8363  SSIM↑=0.9034  MS-SSIM↑=0.9346  LPIPS↓=0.1421  time=23.9s
[stage 1 | epoch 610 | step 25] loss=0.227296
[stage 1 | epoch 610 | step 50] loss=0.219950
[stage 1 | epoch 610 | step 75] loss=0.220672
[stage 1 | epoch 610 | step 100] loss=0.217851
Stage 1 Epoch 610 | L1=0.071713  PSNR↑=21.7768  SSIM↑=0.9062  MS-SSIM↑=0.9356  LPIPS↓=0.1438  time=23.8s
[stage 1 | epoch 611 | step 25] loss=0.229878
[stage 1 | epoch 611 | step 50] loss=0.229853
[stage 1 | epoch 611 | step 75] loss=0.225436
[stage 1 | epoch 611 | step 100] loss=0.222612
Stage 1 Epoch 611 | L1=0.073555  PSNR↑=21.5821  SSIM↑=0.9031  MS-SSIM↑=0.9341  LPIPS↓=0.1477  time=24.1s
[stage 1 | epoch 612 | step 25] loss=0.217210
[stage 1 | epoch 612 | step 50] loss=0.226333
[stage 1 | epoch 612 | step 75] loss=0.218002
[stage 1 | epoch 612 | step 100] loss=0.219212
Stage 1 Epoch 612 | L1=0.071819  PSNR↑=21.7744  SSIM↑=0.9068  MS-SSIM↑=0.9372  LPIPS↓=0.1441  time=23.8s
[stage 1 | epoch 613 | step 25] loss=0.221728
[stage 1 | epoch 613 | step 50] loss=0.219495
[stage 1 | epoch 613 | step 75] loss=0.219760
[stage 1 | epoch 613 | step 100] loss=0.217848
Stage 1 Epoch 613 | L1=0.072868  PSNR↑=21.6257  SSIM↑=0.9036  MS-SSIM↑=0.9348  LPIPS↓=0.1441  time=23.9s
[stage 1 | epoch 614 | step 25] loss=0.209548
[stage 1 | epoch 614 | step 50] loss=0.214231
[stage 1 | epoch 614 | step 75] loss=0.221098
[stage 1 | epoch 614 | step 100] loss=0.223265
Stage 1 Epoch 614 | L1=0.073263  PSNR↑=21.5547  SSIM↑=0.9016  MS-SSIM↑=0.9336  LPIPS↓=0.1439  time=23.9s
[stage 1 | epoch 615 | step 25] loss=0.207054
[stage 1 | epoch 615 | step 50] loss=0.223045
[stage 1 | epoch 615 | step 75] loss=0.222311
[stage 1 | epoch 615 | step 100] loss=0.221249
Stage 1 Epoch 615 | L1=0.072226  PSNR↑=21.6424  SSIM↑=0.9023  MS-SSIM↑=0.9340  LPIPS↓=0.1456  time=24.1s
[stage 1 | epoch 616 | step 25] loss=0.221887
[stage 1 | epoch 616 | step 50] loss=0.216101
[stage 1 | epoch 616 | step 75] loss=0.215386
[stage 1 | epoch 616 | step 100] loss=0.214925
Stage 1 Epoch 616 | L1=0.071583  PSNR↑=21.8635  SSIM↑=0.9056  MS-SSIM↑=0.9353  LPIPS↓=0.1437  time=32.6s
[stage 1 | epoch 617 | step 25] loss=0.220763
[stage 1 | epoch 617 | step 50] loss=0.222979
[stage 1 | epoch 617 | step 75] loss=0.225664
[stage 1 | epoch 617 | step 100] loss=0.223623
Stage 1 Epoch 617 | L1=0.071998  PSNR↑=21.6588  SSIM↑=0.9040  MS-SSIM↑=0.9335  LPIPS↓=0.1464  time=34.4s
[stage 1 | epoch 618 | step 25] loss=0.212971
[stage 1 | epoch 618 | step 50] loss=0.220484
[stage 1 | epoch 618 | step 75] loss=0.224702
[stage 1 | epoch 618 | step 100] loss=0.227321
Stage 1 Epoch 618 | L1=0.072791  PSNR↑=21.5928  SSIM↑=0.9032  MS-SSIM↑=0.9343  LPIPS↓=0.1468  time=24.4s
[stage 1 | epoch 619 | step 25] loss=0.207633
[stage 1 | epoch 619 | step 50] loss=0.221809
[stage 1 | epoch 619 | step 75] loss=0.225104
[stage 1 | epoch 619 | step 100] loss=0.224738
Stage 1 Epoch 619 | L1=0.072849  PSNR↑=21.5977  SSIM↑=0.8999  MS-SSIM↑=0.9297  LPIPS↓=0.1460  time=24.3s
[stage 1 | epoch 620 | step 25] loss=0.215573
[stage 1 | epoch 620 | step 50] loss=0.209690
[stage 1 | epoch 620 | step 75] loss=0.214049
[stage 1 | epoch 620 | step 100] loss=0.212629
Stage 1 Epoch 620 | L1=0.071187  PSNR↑=21.9148  SSIM↑=0.9075  MS-SSIM↑=0.9385  LPIPS↓=0.1425  time=24.2s
[FULL EVAL] stage=1 epoch=620 | PSNR↑=21.9148  SSIM↑=0.9075  MS-SSIM↑=0.9385  LPIPS↓=0.1425  NIQE↓=3.7207  UIQM↑=328.8322  UCIQE↑=inf
[stage 1 | epoch 621 | step 25] loss=0.205452
[stage 1 | epoch 621 | step 50] loss=0.207158
[stage 1 | epoch 621 | step 75] loss=0.214836
[stage 1 | epoch 621 | step 100] loss=0.214826
Stage 1 Epoch 621 | L1=0.072926  PSNR↑=21.5580  SSIM↑=0.9022  MS-SSIM↑=0.9323  LPIPS↓=0.1487  time=24.1s
[stage 1 | epoch 622 | step 25] loss=0.222685
[stage 1 | epoch 622 | step 50] loss=0.225462
[stage 1 | epoch 622 | step 75] loss=0.223152
[stage 1 | epoch 622 | step 100] loss=0.226579
Stage 1 Epoch 622 | L1=0.072717  PSNR↑=21.6287  SSIM↑=0.9003  MS-SSIM↑=0.9335  LPIPS↓=0.1446  time=24.2s
[stage 1 | epoch 623 | step 25] loss=0.215791
[stage 1 | epoch 623 | step 50] loss=0.224461
[stage 1 | epoch 623 | step 75] loss=0.226963
[stage 1 | epoch 623 | step 100] loss=0.227950
Stage 1 Epoch 623 | L1=0.071838  PSNR↑=21.8056  SSIM↑=0.9035  MS-SSIM↑=0.9346  LPIPS↓=0.1439  time=23.9s
[stage 1 | epoch 624 | step 25] loss=0.240293
[stage 1 | epoch 624 | step 50] loss=0.238400
[stage 1 | epoch 624 | step 75] loss=0.236958
[stage 1 | epoch 624 | step 100] loss=0.230725
Stage 1 Epoch 624 | L1=0.073112  PSNR↑=21.6118  SSIM↑=0.9020  MS-SSIM↑=0.9327  LPIPS↓=0.1472  time=24.1s
[stage 1 | epoch 625 | step 25] loss=0.218537
[stage 1 | epoch 625 | step 50] loss=0.218128
[stage 1 | epoch 625 | step 75] loss=0.221369
[stage 1 | epoch 625 | step 100] loss=0.218979
Stage 1 Epoch 625 | L1=0.072538  PSNR↑=21.7532  SSIM↑=0.9015  MS-SSIM↑=0.9324  LPIPS↓=0.1441  time=24.4s
[stage 1 | epoch 626 | step 25] loss=0.231575
[stage 1 | epoch 626 | step 50] loss=0.225416
[stage 1 | epoch 626 | step 75] loss=0.225230
[stage 1 | epoch 626 | step 100] loss=0.222701
Stage 1 Epoch 626 | L1=0.073269  PSNR↑=21.6075  SSIM↑=0.9008  MS-SSIM↑=0.9313  LPIPS↓=0.1452  time=24.5s
[stage 1 | epoch 627 | step 25] loss=0.221862
[stage 1 | epoch 627 | step 50] loss=0.224745
[stage 1 | epoch 627 | step 75] loss=0.223404
[stage 1 | epoch 627 | step 100] loss=0.221783
Stage 1 Epoch 627 | L1=0.072026  PSNR↑=21.7953  SSIM↑=0.9052  MS-SSIM↑=0.9361  LPIPS↓=0.1422  time=23.9s
[stage 1 | epoch 628 | step 25] loss=0.224046
[stage 1 | epoch 628 | step 50] loss=0.231025
[stage 1 | epoch 628 | step 75] loss=0.224024
[stage 1 | epoch 628 | step 100] loss=0.224316
Stage 1 Epoch 628 | L1=0.071033  PSNR↑=21.9240  SSIM↑=0.9068  MS-SSIM↑=0.9347  LPIPS↓=0.1440  time=24.0s
[stage 1 | epoch 629 | step 25] loss=0.226761
[stage 1 | epoch 629 | step 50] loss=0.234071
[stage 1 | epoch 629 | step 75] loss=0.229037
[stage 1 | epoch 629 | step 100] loss=0.227589
Stage 1 Epoch 629 | L1=0.072881  PSNR↑=21.6898  SSIM↑=0.9011  MS-SSIM↑=0.9324  LPIPS↓=0.1449  time=24.6s
[stage 1 | epoch 630 | step 25] loss=0.219593
[stage 1 | epoch 630 | step 50] loss=0.225475
[stage 1 | epoch 630 | step 75] loss=0.218878
[stage 1 | epoch 630 | step 100] loss=0.221835
Stage 1 Epoch 630 | L1=0.072146  PSNR↑=21.7593  SSIM↑=0.9028  MS-SSIM↑=0.9324  LPIPS↓=0.1442  time=24.0s
[stage 1 | epoch 631 | step 25] loss=0.215030
[stage 1 | epoch 631 | step 50] loss=0.214602
[stage 1 | epoch 631 | step 75] loss=0.218515
[stage 1 | epoch 631 | step 100] loss=0.217909
Stage 1 Epoch 631 | L1=0.072514  PSNR↑=21.5566  SSIM↑=0.9043  MS-SSIM↑=0.9346  LPIPS↓=0.1493  time=24.0s
[stage 1 | epoch 632 | step 25] loss=0.225600
[stage 1 | epoch 632 | step 50] loss=0.224392
[stage 1 | epoch 632 | step 75] loss=0.221216
[stage 1 | epoch 632 | step 100] loss=0.222713
Stage 1 Epoch 632 | L1=0.073346  PSNR↑=21.5987  SSIM↑=0.9025  MS-SSIM↑=0.9337  LPIPS↓=0.1463  time=23.9s
[stage 1 | epoch 633 | step 25] loss=0.205115
[stage 1 | epoch 633 | step 50] loss=0.217177
[stage 1 | epoch 633 | step 75] loss=0.215964
[stage 1 | epoch 633 | step 100] loss=0.217080
Stage 1 Epoch 633 | L1=0.072902  PSNR↑=21.6691  SSIM↑=0.9000  MS-SSIM↑=0.9332  LPIPS↓=0.1465  time=24.3s
[stage 1 | epoch 634 | step 25] loss=0.228568
[stage 1 | epoch 634 | step 50] loss=0.215316
[stage 1 | epoch 634 | step 75] loss=0.216908
[stage 1 | epoch 634 | step 100] loss=0.216894
Stage 1 Epoch 634 | L1=0.072389  PSNR↑=21.7546  SSIM↑=0.9015  MS-SSIM↑=0.9328  LPIPS↓=0.1455  time=24.4s
[stage 1 | epoch 635 | step 25] loss=0.225793
[stage 1 | epoch 635 | step 50] loss=0.229397
[stage 1 | epoch 635 | step 75] loss=0.227263
[stage 1 | epoch 635 | step 100] loss=0.229943
Stage 1 Epoch 635 | L1=0.072143  PSNR↑=21.7759  SSIM↑=0.9031  MS-SSIM↑=0.9325  LPIPS↓=0.1453  time=24.1s
[stage 1 | epoch 636 | step 25] loss=0.212725
[stage 1 | epoch 636 | step 50] loss=0.219696
[stage 1 | epoch 636 | step 75] loss=0.219031
[stage 1 | epoch 636 | step 100] loss=0.217115
Stage 1 Epoch 636 | L1=0.071160  PSNR↑=21.8639  SSIM↑=0.9045  MS-SSIM↑=0.9352  LPIPS↓=0.1434  time=29.0s
[stage 1 | epoch 637 | step 25] loss=0.206384
[stage 1 | epoch 637 | step 50] loss=0.209214
[stage 1 | epoch 637 | step 75] loss=0.221839
[stage 1 | epoch 637 | step 100] loss=0.219338
Stage 1 Epoch 637 | L1=0.072487  PSNR↑=21.6797  SSIM↑=0.9017  MS-SSIM↑=0.9325  LPIPS↓=0.1470  time=28.7s
[stage 1 | epoch 638 | step 25] loss=0.226712
[stage 1 | epoch 638 | step 50] loss=0.223266
[stage 1 | epoch 638 | step 75] loss=0.226270
[stage 1 | epoch 638 | step 100] loss=0.221667
Stage 1 Epoch 638 | L1=0.071781  PSNR↑=21.7766  SSIM↑=0.9042  MS-SSIM↑=0.9339  LPIPS↓=0.1453  time=37.9s
[stage 1 | epoch 639 | step 25] loss=0.221054
[stage 1 | epoch 639 | step 50] loss=0.224723
[stage 1 | epoch 639 | step 75] loss=0.221556
[stage 1 | epoch 639 | step 100] loss=0.220907
Stage 1 Epoch 639 | L1=0.072789  PSNR↑=21.7402  SSIM↑=0.9029  MS-SSIM↑=0.9344  LPIPS↓=0.1466  time=33.0s
[stage 1 | epoch 640 | step 25] loss=0.222707
[stage 1 | epoch 640 | step 50] loss=0.223136
[stage 1 | epoch 640 | step 75] loss=0.226793
[stage 1 | epoch 640 | step 100] loss=0.229142
Stage 1 Epoch 640 | L1=0.072861  PSNR↑=21.6184  SSIM↑=0.9006  MS-SSIM↑=0.9318  LPIPS↓=0.1462  time=29.8s
[FULL EVAL] stage=1 epoch=640 | PSNR↑=21.6184  SSIM↑=0.9006  MS-SSIM↑=0.9318  LPIPS↓=0.1462  NIQE↓=3.7148  UIQM↑=308.8685  UCIQE↑=inf
[stage 1 | epoch 641 | step 25] loss=0.228545
[stage 1 | epoch 641 | step 50] loss=0.230133
[stage 1 | epoch 641 | step 75] loss=0.228265
[stage 1 | epoch 641 | step 100] loss=0.227096
Stage 1 Epoch 641 | L1=0.073291  PSNR↑=21.5690  SSIM↑=0.9013  MS-SSIM↑=0.9335  LPIPS↓=0.1501  time=40.8s
[stage 1 | epoch 642 | step 25] loss=0.221920
[stage 1 | epoch 642 | step 50] loss=0.227728
[stage 1 | epoch 642 | step 75] loss=0.230166
[stage 1 | epoch 642 | step 100] loss=0.231094
Stage 1 Epoch 642 | L1=0.075431  PSNR↑=21.2774  SSIM↑=0.8977  MS-SSIM↑=0.9273  LPIPS↓=0.1496  time=36.7s
[stage 1 | epoch 643 | step 25] loss=0.201100
[stage 1 | epoch 643 | step 50] loss=0.208721
[stage 1 | epoch 643 | step 75] loss=0.208919
[stage 1 | epoch 643 | step 100] loss=0.213634
Stage 1 Epoch 643 | L1=0.073593  PSNR↑=21.4627  SSIM↑=0.9005  MS-SSIM↑=0.9315  LPIPS↓=0.1500  time=46.9s
[stage 1 | epoch 644 | step 25] loss=0.223443
[stage 1 | epoch 644 | step 50] loss=0.220968
[stage 1 | epoch 644 | step 75] loss=0.223075
[stage 1 | epoch 644 | step 100] loss=0.222156
Stage 1 Epoch 644 | L1=0.072762  PSNR↑=21.6249  SSIM↑=0.9025  MS-SSIM↑=0.9325  LPIPS↓=0.1467  time=23.7s
[stage 1 | epoch 645 | step 25] loss=0.232301
[stage 1 | epoch 645 | step 50] loss=0.228429
[stage 1 | epoch 645 | step 75] loss=0.235306
[stage 1 | epoch 645 | step 100] loss=0.231769
Stage 1 Epoch 645 | L1=0.071719  PSNR↑=21.8097  SSIM↑=0.9040  MS-SSIM↑=0.9337  LPIPS↓=0.1435  time=24.1s
[stage 1 | epoch 646 | step 25] loss=0.207805
[stage 1 | epoch 646 | step 50] loss=0.209341
[stage 1 | epoch 646 | step 75] loss=0.214717
[stage 1 | epoch 646 | step 100] loss=0.210519
Stage 1 Epoch 646 | L1=0.071681  PSNR↑=21.7649  SSIM↑=0.9035  MS-SSIM↑=0.9353  LPIPS↓=0.1461  time=23.7s
[stage 1 | epoch 647 | step 25] loss=0.220958
[stage 1 | epoch 647 | step 50] loss=0.221327
[stage 1 | epoch 647 | step 75] loss=0.221873
[stage 1 | epoch 647 | step 100] loss=0.222072
Stage 1 Epoch 647 | L1=0.073430  PSNR↑=21.5674  SSIM↑=0.9015  MS-SSIM↑=0.9345  LPIPS↓=0.1479  time=24.2s
[stage 1 | epoch 648 | step 25] loss=0.216939
[stage 1 | epoch 648 | step 50] loss=0.218274
[stage 1 | epoch 648 | step 75] loss=0.223271
[stage 1 | epoch 648 | step 100] loss=0.223380
Stage 1 Epoch 648 | L1=0.072934  PSNR↑=21.6491  SSIM↑=0.9012  MS-SSIM↑=0.9350  LPIPS↓=0.1464  time=23.8s
[stage 1 | epoch 649 | step 25] loss=0.223343
[stage 1 | epoch 649 | step 50] loss=0.225299
[stage 1 | epoch 649 | step 75] loss=0.228902
[stage 1 | epoch 649 | step 100] loss=0.229185
Stage 1 Epoch 649 | L1=0.073195  PSNR↑=21.5919  SSIM↑=0.9000  MS-SSIM↑=0.9308  LPIPS↓=0.1468  time=23.9s
[stage 1 | epoch 650 | step 25] loss=0.204760
[stage 1 | epoch 650 | step 50] loss=0.216693
[stage 1 | epoch 650 | step 75] loss=0.223478
[stage 1 | epoch 650 | step 100] loss=0.223651
Stage 1 Epoch 650 | L1=0.073426  PSNR↑=21.5995  SSIM↑=0.8987  MS-SSIM↑=0.9291  LPIPS↓=0.1470  time=24.0s
[stage 1 | epoch 651 | step 25] loss=0.228506
[stage 1 | epoch 651 | step 50] loss=0.224337
[stage 1 | epoch 651 | step 75] loss=0.221651
[stage 1 | epoch 651 | step 100] loss=0.217500
Stage 1 Epoch 651 | L1=0.070649  PSNR↑=21.9745  SSIM↑=0.9064  MS-SSIM↑=0.9376  LPIPS↓=0.1422  time=24.0s
[stage 1 | epoch 652 | step 25] loss=0.228854
[stage 1 | epoch 652 | step 50] loss=0.224836
[stage 1 | epoch 652 | step 75] loss=0.215923
[stage 1 | epoch 652 | step 100] loss=0.222037
Stage 1 Epoch 652 | L1=0.072662  PSNR↑=21.7319  SSIM↑=0.9020  MS-SSIM↑=0.9327  LPIPS↓=0.1465  time=24.0s
[stage 1 | epoch 653 | step 25] loss=0.215251
[stage 1 | epoch 653 | step 50] loss=0.212975
[stage 1 | epoch 653 | step 75] loss=0.215205
[stage 1 | epoch 653 | step 100] loss=0.220257
Stage 1 Epoch 653 | L1=0.072120  PSNR↑=21.7441  SSIM↑=0.9051  MS-SSIM↑=0.9345  LPIPS↓=0.1449  time=24.1s
[stage 1 | epoch 654 | step 25] loss=0.208850
[stage 1 | epoch 654 | step 50] loss=0.221122
[stage 1 | epoch 654 | step 75] loss=0.232113
[stage 1 | epoch 654 | step 100] loss=0.226803
Stage 1 Epoch 654 | L1=0.073901  PSNR↑=21.5834  SSIM↑=0.8997  MS-SSIM↑=0.9320  LPIPS↓=0.1461  time=24.0s
[stage 1 | epoch 655 | step 25] loss=0.203184
[stage 1 | epoch 655 | step 50] loss=0.211527
[stage 1 | epoch 655 | step 75] loss=0.205875
[stage 1 | epoch 655 | step 100] loss=0.214061
Stage 1 Epoch 655 | L1=0.072365  PSNR↑=21.8218  SSIM↑=0.9072  MS-SSIM↑=0.9367  LPIPS↓=0.1435  time=24.1s
[stage 1 | epoch 656 | step 25] loss=0.222859
[stage 1 | epoch 656 | step 50] loss=0.218577
[stage 1 | epoch 656 | step 75] loss=0.222753
[stage 1 | epoch 656 | step 100] loss=0.224235
Stage 1 Epoch 656 | L1=0.073506  PSNR↑=21.6662  SSIM↑=0.8996  MS-SSIM↑=0.9324  LPIPS↓=0.1449  time=23.9s
[stage 1 | epoch 657 | step 25] loss=0.201210
[stage 1 | epoch 657 | step 50] loss=0.211108
[stage 1 | epoch 657 | step 75] loss=0.214246
[stage 1 | epoch 657 | step 100] loss=0.217568
Stage 1 Epoch 657 | L1=0.072407  PSNR↑=21.6268  SSIM↑=0.9021  MS-SSIM↑=0.9326  LPIPS↓=0.1465  time=23.8s
[stage 1 | epoch 658 | step 25] loss=0.213953
[stage 1 | epoch 658 | step 50] loss=0.229869
[stage 1 | epoch 658 | step 75] loss=0.225612
[stage 1 | epoch 658 | step 100] loss=0.223910
Stage 1 Epoch 658 | L1=0.072162  PSNR↑=21.7751  SSIM↑=0.9030  MS-SSIM↑=0.9345  LPIPS↓=0.1462  time=24.1s
[stage 1 | epoch 659 | step 25] loss=0.218383
[stage 1 | epoch 659 | step 50] loss=0.219254
[stage 1 | epoch 659 | step 75] loss=0.219099
[stage 1 | epoch 659 | step 100] loss=0.221212
Stage 1 Epoch 659 | L1=0.073214  PSNR↑=21.5984  SSIM↑=0.8999  MS-SSIM↑=0.9312  LPIPS↓=0.1463  time=24.0s
[stage 1 | epoch 660 | step 25] loss=0.228120
[stage 1 | epoch 660 | step 50] loss=0.225692
[stage 1 | epoch 660 | step 75] loss=0.229334
[stage 1 | epoch 660 | step 100] loss=0.223750
Stage 1 Epoch 660 | L1=0.072353  PSNR↑=21.7381  SSIM↑=0.9030  MS-SSIM↑=0.9345  LPIPS↓=0.1448  time=39.8s
[FULL EVAL] stage=1 epoch=660 | PSNR↑=21.7381  SSIM↑=0.9030  MS-SSIM↑=0.9345  LPIPS↓=0.1448  NIQE↓=3.7286  UIQM↑=320.1051  UCIQE↑=inf
[stage 1 | epoch 661 | step 25] loss=0.208656
[stage 1 | epoch 661 | step 50] loss=0.215834
[stage 1 | epoch 661 | step 75] loss=0.220791
[stage 1 | epoch 661 | step 100] loss=0.220314
Stage 1 Epoch 661 | L1=0.072946  PSNR↑=21.6298  SSIM↑=0.9008  MS-SSIM↑=0.9330  LPIPS↓=0.1473  time=52.1s
[stage 1 | epoch 662 | step 25] loss=0.223484
[stage 1 | epoch 662 | step 50] loss=0.216495
[stage 1 | epoch 662 | step 75] loss=0.228615
[stage 1 | epoch 662 | step 100] loss=0.225774
Stage 1 Epoch 662 | L1=0.072466  PSNR↑=21.7049  SSIM↑=0.9010  MS-SSIM↑=0.9327  LPIPS↓=0.1448  time=24.0s
[stage 1 | epoch 663 | step 25] loss=0.242024
[stage 1 | epoch 663 | step 50] loss=0.243037
[stage 1 | epoch 663 | step 75] loss=0.232307
[stage 1 | epoch 663 | step 100] loss=0.227527
Stage 1 Epoch 663 | L1=0.073027  PSNR↑=21.6293  SSIM↑=0.9011  MS-SSIM↑=0.9331  LPIPS↓=0.1459  time=24.1s
[stage 1 | epoch 664 | step 25] loss=0.226130
[stage 1 | epoch 664 | step 50] loss=0.210423
[stage 1 | epoch 664 | step 75] loss=0.218780
[stage 1 | epoch 664 | step 100] loss=0.220203
Stage 1 Epoch 664 | L1=0.071128  PSNR↑=21.8771  SSIM↑=0.9046  MS-SSIM↑=0.9346  LPIPS↓=0.1443  time=23.9s
[stage 1 | epoch 665 | step 25] loss=0.207215
[stage 1 | epoch 665 | step 50] loss=0.205656
[stage 1 | epoch 665 | step 75] loss=0.207364
[stage 1 | epoch 665 | step 100] loss=0.208433
Stage 1 Epoch 665 | L1=0.072783  PSNR↑=21.7416  SSIM↑=0.9042  MS-SSIM↑=0.9367  LPIPS↓=0.1449  time=24.3s
[stage 1 | epoch 666 | step 25] loss=0.201331
[stage 1 | epoch 666 | step 50] loss=0.209619
[stage 1 | epoch 666 | step 75] loss=0.212263
[stage 1 | epoch 666 | step 100] loss=0.212844
Stage 1 Epoch 666 | L1=0.072273  PSNR↑=21.6602  SSIM↑=0.9036  MS-SSIM↑=0.9347  LPIPS↓=0.1460  time=24.1s
[stage 1 | epoch 667 | step 25] loss=0.227537
[stage 1 | epoch 667 | step 50] loss=0.215115
[stage 1 | epoch 667 | step 75] loss=0.211502
[stage 1 | epoch 667 | step 100] loss=0.211137
Stage 1 Epoch 667 | L1=0.073206  PSNR↑=21.6150  SSIM↑=0.9014  MS-SSIM↑=0.9338  LPIPS↓=0.1470  time=23.9s
[stage 1 | epoch 668 | step 25] loss=0.215596
[stage 1 | epoch 668 | step 50] loss=0.212132
[stage 1 | epoch 668 | step 75] loss=0.211255
[stage 1 | epoch 668 | step 100] loss=0.218029
Stage 1 Epoch 668 | L1=0.071881  PSNR↑=21.7580  SSIM↑=0.9069  MS-SSIM↑=0.9361  LPIPS↓=0.1435  time=24.2s
[stage 1 | epoch 669 | step 25] loss=0.214320
[stage 1 | epoch 669 | step 50] loss=0.222810
[stage 1 | epoch 669 | step 75] loss=0.218968
[stage 1 | epoch 669 | step 100] loss=0.222586
Stage 1 Epoch 669 | L1=0.072299  PSNR↑=21.6223  SSIM↑=0.9020  MS-SSIM↑=0.9340  LPIPS↓=0.1452  time=23.9s
[stage 1 | epoch 670 | step 25] loss=0.211829
[stage 1 | epoch 670 | step 50] loss=0.215541
[stage 1 | epoch 670 | step 75] loss=0.217760
[stage 1 | epoch 670 | step 100] loss=0.217857
Stage 1 Epoch 670 | L1=0.073571  PSNR↑=21.6012  SSIM↑=0.9024  MS-SSIM↑=0.9322  LPIPS↓=0.1452  time=23.9s
[stage 1 | epoch 671 | step 25] loss=0.230562
[stage 1 | epoch 671 | step 50] loss=0.222159
[stage 1 | epoch 671 | step 75] loss=0.222362
[stage 1 | epoch 671 | step 100] loss=0.223738
Stage 1 Epoch 671 | L1=0.072116  PSNR↑=21.7568  SSIM↑=0.9040  MS-SSIM↑=0.9343  LPIPS↓=0.1449  time=24.0s
[stage 1 | epoch 672 | step 25] loss=0.213549
[stage 1 | epoch 672 | step 50] loss=0.220781
[stage 1 | epoch 672 | step 75] loss=0.216076
[stage 1 | epoch 672 | step 100] loss=0.219691
Stage 1 Epoch 672 | L1=0.073251  PSNR↑=21.6088  SSIM↑=0.9012  MS-SSIM↑=0.9341  LPIPS↓=0.1476  time=24.3s
[stage 1 | epoch 673 | step 25] loss=0.212689
[stage 1 | epoch 673 | step 50] loss=0.210748
[stage 1 | epoch 673 | step 75] loss=0.217349
[stage 1 | epoch 673 | step 100] loss=0.220090
Stage 1 Epoch 673 | L1=0.072561  PSNR↑=21.7152  SSIM↑=0.9022  MS-SSIM↑=0.9327  LPIPS↓=0.1449  time=23.9s
[stage 1 | epoch 674 | step 25] loss=0.216590
[stage 1 | epoch 674 | step 50] loss=0.210374
[stage 1 | epoch 674 | step 75] loss=0.209614
[stage 1 | epoch 674 | step 100] loss=0.206573
Stage 1 Epoch 674 | L1=0.071467  PSNR↑=21.8575  SSIM↑=0.9070  MS-SSIM↑=0.9370  LPIPS↓=0.1432  time=24.1s
[stage 1 | epoch 675 | step 25] loss=0.213838
[stage 1 | epoch 675 | step 50] loss=0.207544
[stage 1 | epoch 675 | step 75] loss=0.213139
[stage 1 | epoch 675 | step 100] loss=0.215325
Stage 1 Epoch 675 | L1=0.074695  PSNR↑=21.5181  SSIM↑=0.9015  MS-SSIM↑=0.9315  LPIPS↓=0.1466  time=24.2s
[stage 1 | epoch 676 | step 25] loss=0.216453
[stage 1 | epoch 676 | step 50] loss=0.222056
[stage 1 | epoch 676 | step 75] loss=0.227190
[stage 1 | epoch 676 | step 100] loss=0.223611
Stage 1 Epoch 676 | L1=0.073584  PSNR↑=21.5452  SSIM↑=0.9000  MS-SSIM↑=0.9318  LPIPS↓=0.1490  time=23.8s
[stage 1 | epoch 677 | step 25] loss=0.232643
[stage 1 | epoch 677 | step 50] loss=0.227372
[stage 1 | epoch 677 | step 75] loss=0.220706
[stage 1 | epoch 677 | step 100] loss=0.222284
Stage 1 Epoch 677 | L1=0.071918  PSNR↑=21.8389  SSIM↑=0.9062  MS-SSIM↑=0.9361  LPIPS↓=0.1437  time=23.8s
[stage 1 | epoch 678 | step 25] loss=0.207649
[stage 1 | epoch 678 | step 50] loss=0.209099
[stage 1 | epoch 678 | step 75] loss=0.212741
[stage 1 | epoch 678 | step 100] loss=0.217093
Stage 1 Epoch 678 | L1=0.072414  PSNR↑=21.7425  SSIM↑=0.9031  MS-SSIM↑=0.9347  LPIPS↓=0.1451  time=57.1s
[stage 1 | epoch 679 | step 25] loss=0.221128
[stage 1 | epoch 679 | step 50] loss=0.220464
[stage 1 | epoch 679 | step 75] loss=0.224140
[stage 1 | epoch 679 | step 100] loss=0.222202
Stage 1 Epoch 679 | L1=0.071853  PSNR↑=21.8120  SSIM↑=0.9048  MS-SSIM↑=0.9352  LPIPS↓=0.1420  time=55.6s
[stage 1 | epoch 680 | step 25] loss=0.232884
[stage 1 | epoch 680 | step 50] loss=0.227805
[stage 1 | epoch 680 | step 75] loss=0.223505
[stage 1 | epoch 680 | step 100] loss=0.221317
Stage 1 Epoch 680 | L1=0.073093  PSNR↑=21.6830  SSIM↑=0.9026  MS-SSIM↑=0.9333  LPIPS↓=0.1441  time=23.9s
[FULL EVAL] stage=1 epoch=680 | PSNR↑=21.6830  SSIM↑=0.9026  MS-SSIM↑=0.9333  LPIPS↓=0.1441  NIQE↓=3.7180  UIQM↑=312.6918  UCIQE↑=inf
[stage 1 | epoch 681 | step 25] loss=0.229237
[stage 1 | epoch 681 | step 50] loss=0.231459
[stage 1 | epoch 681 | step 75] loss=0.232017
[stage 1 | epoch 681 | step 100] loss=0.230146
Stage 1 Epoch 681 | L1=0.074093  PSNR↑=21.4295  SSIM↑=0.9002  MS-SSIM↑=0.9291  LPIPS↓=0.1453  time=23.9s
[stage 1 | epoch 682 | step 25] loss=0.225191
[stage 1 | epoch 682 | step 50] loss=0.220120
[stage 1 | epoch 682 | step 75] loss=0.215459
[stage 1 | epoch 682 | step 100] loss=0.222005
Stage 1 Epoch 682 | L1=0.071474  PSNR↑=21.7682  SSIM↑=0.9043  MS-SSIM↑=0.9340  LPIPS↓=0.1437  time=23.7s
[stage 1 | epoch 683 | step 25] loss=0.216199
[stage 1 | epoch 683 | step 50] loss=0.215053
[stage 1 | epoch 683 | step 75] loss=0.217044
[stage 1 | epoch 683 | step 100] loss=0.217002
Stage 1 Epoch 683 | L1=0.071929  PSNR↑=21.8150  SSIM↑=0.9050  MS-SSIM↑=0.9354  LPIPS↓=0.1434  time=24.5s
[stage 1 | epoch 684 | step 25] loss=0.219587
[stage 1 | epoch 684 | step 50] loss=0.216642
[stage 1 | epoch 684 | step 75] loss=0.217882
[stage 1 | epoch 684 | step 100] loss=0.223847
Stage 1 Epoch 684 | L1=0.072100  PSNR↑=21.7422  SSIM↑=0.9039  MS-SSIM↑=0.9343  LPIPS↓=0.1438  time=23.7s
[stage 1 | epoch 685 | step 25] loss=0.233775
[stage 1 | epoch 685 | step 50] loss=0.231537
[stage 1 | epoch 685 | step 75] loss=0.226222
[stage 1 | epoch 685 | step 100] loss=0.228956
Stage 1 Epoch 685 | L1=0.073169  PSNR↑=21.6137  SSIM↑=0.9018  MS-SSIM↑=0.9328  LPIPS↓=0.1454  time=24.6s
[stage 1 | epoch 686 | step 25] loss=0.224396
[stage 1 | epoch 686 | step 50] loss=0.218168
[stage 1 | epoch 686 | step 75] loss=0.219605
[stage 1 | epoch 686 | step 100] loss=0.219303
Stage 1 Epoch 686 | L1=0.071770  PSNR↑=21.8112  SSIM↑=0.9050  MS-SSIM↑=0.9356  LPIPS↓=0.1420  time=24.1s
[stage 1 | epoch 687 | step 25] loss=0.224411
[stage 1 | epoch 687 | step 50] loss=0.220269
[stage 1 | epoch 687 | step 75] loss=0.222508
[stage 1 | epoch 687 | step 100] loss=0.218625
Stage 1 Epoch 687 | L1=0.071577  PSNR↑=21.7727  SSIM↑=0.9056  MS-SSIM↑=0.9349  LPIPS↓=0.1448  time=24.1s
[stage 1 | epoch 688 | step 25] loss=0.215134
[stage 1 | epoch 688 | step 50] loss=0.211078
[stage 1 | epoch 688 | step 75] loss=0.212821
[stage 1 | epoch 688 | step 100] loss=0.211053
Stage 1 Epoch 688 | L1=0.072035  PSNR↑=21.8420  SSIM↑=0.9066  MS-SSIM↑=0.9355  LPIPS↓=0.1442  time=24.3s
[stage 1 | epoch 689 | step 25] loss=0.218458
[stage 1 | epoch 689 | step 50] loss=0.213299
[stage 1 | epoch 689 | step 75] loss=0.214098
[stage 1 | epoch 689 | step 100] loss=0.216231
Stage 1 Epoch 689 | L1=0.073545  PSNR↑=21.5641  SSIM↑=0.9022  MS-SSIM↑=0.9335  LPIPS↓=0.1437  time=24.0s
[stage 1 | epoch 690 | step 25] loss=0.217133
[stage 1 | epoch 690 | step 50] loss=0.221182
[stage 1 | epoch 690 | step 75] loss=0.219049
[stage 1 | epoch 690 | step 100] loss=0.213523
Stage 1 Epoch 690 | L1=0.072445  PSNR↑=21.6505  SSIM↑=0.9067  MS-SSIM↑=0.9342  LPIPS↓=0.1449  time=24.2s
[stage 1 | epoch 691 | step 25] loss=0.229885
[stage 1 | epoch 691 | step 50] loss=0.223566
[stage 1 | epoch 691 | step 75] loss=0.220301
[stage 1 | epoch 691 | step 100] loss=0.222795
Stage 1 Epoch 691 | L1=0.071336  PSNR↑=21.8108  SSIM↑=0.9063  MS-SSIM↑=0.9355  LPIPS↓=0.1425  time=24.1s
[stage 1 | epoch 692 | step 25] loss=0.229954
[stage 1 | epoch 692 | step 50] loss=0.227631
[stage 1 | epoch 692 | step 75] loss=0.223131
[stage 1 | epoch 692 | step 100] loss=0.218958
Stage 1 Epoch 692 | L1=0.071209  PSNR↑=21.8233  SSIM↑=0.9059  MS-SSIM↑=0.9370  LPIPS↓=0.1437  time=24.1s
[stage 1 | epoch 693 | step 25] loss=0.245111
[stage 1 | epoch 693 | step 50] loss=0.227238
[stage 1 | epoch 693 | step 75] loss=0.220212
[stage 1 | epoch 693 | step 100] loss=0.222198
Stage 1 Epoch 693 | L1=0.074257  PSNR↑=21.3573  SSIM↑=0.9010  MS-SSIM↑=0.9308  LPIPS↓=0.1489  time=23.8s
[stage 1 | epoch 694 | step 25] loss=0.206758
[stage 1 | epoch 694 | step 50] loss=0.209588
[stage 1 | epoch 694 | step 75] loss=0.217119
[stage 1 | epoch 694 | step 100] loss=0.219650
Stage 1 Epoch 694 | L1=0.072388  PSNR↑=21.6410  SSIM↑=0.9034  MS-SSIM↑=0.9353  LPIPS↓=0.1435  time=24.0s
[stage 1 | epoch 695 | step 25] loss=0.219681
[stage 1 | epoch 695 | step 50] loss=0.229902
[stage 1 | epoch 695 | step 75] loss=0.224169
[stage 1 | epoch 695 | step 100] loss=0.225395
Stage 1 Epoch 695 | L1=0.072460  PSNR↑=21.6051  SSIM↑=0.9016  MS-SSIM↑=0.9329  LPIPS↓=0.1476  time=28.0s
[stage 1 | epoch 696 | step 25] loss=0.226809
[stage 1 | epoch 696 | step 50] loss=0.220259
[stage 1 | epoch 696 | step 75] loss=0.219383
[stage 1 | epoch 696 | step 100] loss=0.215570
Stage 1 Epoch 696 | L1=0.071569  PSNR↑=21.7751  SSIM↑=0.9039  MS-SSIM↑=0.9344  LPIPS↓=0.1429  time=32.1s
[stage 1 | epoch 697 | step 25] loss=0.227125
[stage 1 | epoch 697 | step 50] loss=0.220876
[stage 1 | epoch 697 | step 75] loss=0.216374
[stage 1 | epoch 697 | step 100] loss=0.210479
Stage 1 Epoch 697 | L1=0.070894  PSNR↑=21.8765  SSIM↑=0.9084  MS-SSIM↑=0.9380  LPIPS↓=0.1414  time=24.0s
[stage 1 | epoch 698 | step 25] loss=0.223072
[stage 1 | epoch 698 | step 50] loss=0.216660
[stage 1 | epoch 698 | step 75] loss=0.223113
[stage 1 | epoch 698 | step 100] loss=0.219684
Stage 1 Epoch 698 | L1=0.071883  PSNR↑=21.8120  SSIM↑=0.9042  MS-SSIM↑=0.9359  LPIPS↓=0.1441  time=24.3s
[stage 1 | epoch 699 | step 25] loss=0.228784
[stage 1 | epoch 699 | step 50] loss=0.220958
[stage 1 | epoch 699 | step 75] loss=0.217190
[stage 1 | epoch 699 | step 100] loss=0.218202
Stage 1 Epoch 699 | L1=0.072722  PSNR↑=21.6615  SSIM↑=0.9035  MS-SSIM↑=0.9327  LPIPS↓=0.1438  time=24.1s
[stage 1 | epoch 700 | step 25] loss=0.202885
[stage 1 | epoch 700 | step 50] loss=0.207120
[stage 1 | epoch 700 | step 75] loss=0.212661
[stage 1 | epoch 700 | step 100] loss=0.216712
Stage 1 Epoch 700 | L1=0.071966  PSNR↑=21.7567  SSIM↑=0.9058  MS-SSIM↑=0.9344  LPIPS↓=0.1414  time=23.9s
[FULL EVAL] stage=1 epoch=700 | PSNR↑=21.7567  SSIM↑=0.9058  MS-SSIM↑=0.9344  LPIPS↓=0.1414  NIQE↓=3.7292  UIQM↑=319.6610  UCIQE↑=inf
[stage 1 | epoch 701 | step 25] loss=0.230269
[stage 1 | epoch 701 | step 50] loss=0.225388
[stage 1 | epoch 701 | step 75] loss=0.221942
[stage 1 | epoch 701 | step 100] loss=0.222239
Stage 1 Epoch 701 | L1=0.074485  PSNR↑=21.5172  SSIM↑=0.9009  MS-SSIM↑=0.9338  LPIPS↓=0.1462  time=24.5s
[stage 1 | epoch 702 | step 25] loss=0.210182
[stage 1 | epoch 702 | step 50] loss=0.216160
[stage 1 | epoch 702 | step 75] loss=0.213783
[stage 1 | epoch 702 | step 100] loss=0.215619
Stage 1 Epoch 702 | L1=0.071176  PSNR↑=21.8469  SSIM↑=0.9072  MS-SSIM↑=0.9367  LPIPS↓=0.1404  time=24.4s
[stage 1 | epoch 703 | step 25] loss=0.220508
[stage 1 | epoch 703 | step 50] loss=0.217346
[stage 1 | epoch 703 | step 75] loss=0.223199
[stage 1 | epoch 703 | step 100] loss=0.216473
Stage 1 Epoch 703 | L1=0.070987  PSNR↑=21.7965  SSIM↑=0.9041  MS-SSIM↑=0.9335  LPIPS↓=0.1433  time=24.3s
[stage 1 | epoch 704 | step 25] loss=0.214798
[stage 1 | epoch 704 | step 50] loss=0.217503
[stage 1 | epoch 704 | step 75] loss=0.215427
[stage 1 | epoch 704 | step 100] loss=0.218645
Stage 1 Epoch 704 | L1=0.071218  PSNR↑=21.6543  SSIM↑=0.9056  MS-SSIM↑=0.9338  LPIPS↓=0.1454  time=23.8s
[stage 1 | epoch 705 | step 25] loss=0.207148
[stage 1 | epoch 705 | step 50] loss=0.215766
[stage 1 | epoch 705 | step 75] loss=0.210874
[stage 1 | epoch 705 | step 100] loss=0.214142
Stage 1 Epoch 705 | L1=0.071175  PSNR↑=21.8540  SSIM↑=0.9049  MS-SSIM↑=0.9354  LPIPS↓=0.1428  time=23.9s
[stage 1 | epoch 706 | step 25] loss=0.211165
[stage 1 | epoch 706 | step 50] loss=0.220241
[stage 1 | epoch 706 | step 75] loss=0.216559
[stage 1 | epoch 706 | step 100] loss=0.220337
Stage 1 Epoch 706 | L1=0.071611  PSNR↑=21.8863  SSIM↑=0.9061  MS-SSIM↑=0.9370  LPIPS↓=0.1433  time=24.0s
[stage 1 | epoch 707 | step 25] loss=0.226093
[stage 1 | epoch 707 | step 50] loss=0.228268
[stage 1 | epoch 707 | step 75] loss=0.223169
[stage 1 | epoch 707 | step 100] loss=0.222278
Stage 1 Epoch 707 | L1=0.073435  PSNR↑=21.5461  SSIM↑=0.9019  MS-SSIM↑=0.9315  LPIPS↓=0.1456  time=23.9s
[stage 1 | epoch 708 | step 25] loss=0.209831
[stage 1 | epoch 708 | step 50] loss=0.214053
[stage 1 | epoch 708 | step 75] loss=0.211789
[stage 1 | epoch 708 | step 100] loss=0.215237
Stage 1 Epoch 708 | L1=0.072426  PSNR↑=21.6842  SSIM↑=0.9049  MS-SSIM↑=0.9357  LPIPS↓=0.1433  time=23.9s
[stage 1 | epoch 709 | step 25] loss=0.225853
[stage 1 | epoch 709 | step 50] loss=0.230194
[stage 1 | epoch 709 | step 75] loss=0.222678
[stage 1 | epoch 709 | step 100] loss=0.218742
Stage 1 Epoch 709 | L1=0.072063  PSNR↑=21.7069  SSIM↑=0.9048  MS-SSIM↑=0.9360  LPIPS↓=0.1421  time=24.4s
[stage 1 | epoch 710 | step 25] loss=0.210627
[stage 1 | epoch 710 | step 50] loss=0.219257
[stage 1 | epoch 710 | step 75] loss=0.220332
[stage 1 | epoch 710 | step 100] loss=0.218129
Stage 1 Epoch 710 | L1=0.071421  PSNR↑=21.8185  SSIM↑=0.9048  MS-SSIM↑=0.9366  LPIPS↓=0.1430  time=24.2s
[stage 1 | epoch 711 | step 25] loss=0.204104
[stage 1 | epoch 711 | step 50] loss=0.216914
[stage 1 | epoch 711 | step 75] loss=0.217173
[stage 1 | epoch 711 | step 100] loss=0.216435
Stage 1 Epoch 711 | L1=0.071551  PSNR↑=21.7794  SSIM↑=0.9044  MS-SSIM↑=0.9347  LPIPS↓=0.1449  time=24.3s
[stage 1 | epoch 712 | step 25] loss=0.215354
[stage 1 | epoch 712 | step 50] loss=0.212744
[stage 1 | epoch 712 | step 75] loss=0.219053
[stage 1 | epoch 712 | step 100] loss=0.217859
Stage 1 Epoch 712 | L1=0.072951  PSNR↑=21.6127  SSIM↑=0.9022  MS-SSIM↑=0.9324  LPIPS↓=0.1468  time=24.4s
[stage 1 | epoch 713 | step 25] loss=0.234533
[stage 1 | epoch 713 | step 50] loss=0.238604
[stage 1 | epoch 713 | step 75] loss=0.229756
[stage 1 | epoch 713 | step 100] loss=0.228984
Stage 1 Epoch 713 | L1=0.072849  PSNR↑=21.6329  SSIM↑=0.9017  MS-SSIM↑=0.9328  LPIPS↓=0.1471  time=27.1s
[stage 1 | epoch 714 | step 25] loss=0.222021
[stage 1 | epoch 714 | step 50] loss=0.220418
[stage 1 | epoch 714 | step 75] loss=0.220256
[stage 1 | epoch 714 | step 100] loss=0.219420
Stage 1 Epoch 714 | L1=0.073009  PSNR↑=21.6768  SSIM↑=0.9026  MS-SSIM↑=0.9353  LPIPS↓=0.1443  time=37.8s
[stage 1 | epoch 715 | step 25] loss=0.208708
[stage 1 | epoch 715 | step 50] loss=0.214773
[stage 1 | epoch 715 | step 75] loss=0.216954
[stage 1 | epoch 715 | step 100] loss=0.215246
Stage 1 Epoch 715 | L1=0.072831  PSNR↑=21.6768  SSIM↑=0.9018  MS-SSIM↑=0.9321  LPIPS↓=0.1450  time=24.0s
[stage 1 | epoch 716 | step 25] loss=0.228913
[stage 1 | epoch 716 | step 50] loss=0.225005
[stage 1 | epoch 716 | step 75] loss=0.225631
[stage 1 | epoch 716 | step 100] loss=0.225243
Stage 1 Epoch 716 | L1=0.071824  PSNR↑=21.7276  SSIM↑=0.9035  MS-SSIM↑=0.9341  LPIPS↓=0.1451  time=24.2s
[stage 1 | epoch 717 | step 25] loss=0.230883
[stage 1 | epoch 717 | step 50] loss=0.226802
[stage 1 | epoch 717 | step 75] loss=0.223748
[stage 1 | epoch 717 | step 100] loss=0.222982
Stage 1 Epoch 717 | L1=0.071393  PSNR↑=21.7849  SSIM↑=0.9053  MS-SSIM↑=0.9363  LPIPS↓=0.1443  time=24.1s
[stage 1 | epoch 718 | step 25] loss=0.229991
[stage 1 | epoch 718 | step 50] loss=0.227652
[stage 1 | epoch 718 | step 75] loss=0.228384
[stage 1 | epoch 718 | step 100] loss=0.222752
Stage 1 Epoch 718 | L1=0.073399  PSNR↑=21.5756  SSIM↑=0.9012  MS-SSIM↑=0.9337  LPIPS↓=0.1435  time=23.9s
[stage 1 | epoch 719 | step 25] loss=0.222540
[stage 1 | epoch 719 | step 50] loss=0.223573
[stage 1 | epoch 719 | step 75] loss=0.221832
[stage 1 | epoch 719 | step 100] loss=0.217912
Stage 1 Epoch 719 | L1=0.073264  PSNR↑=21.5746  SSIM↑=0.9032  MS-SSIM↑=0.9330  LPIPS↓=0.1448  time=24.6s
[stage 1 | epoch 720 | step 25] loss=0.224777
[stage 1 | epoch 720 | step 50] loss=0.220868
[stage 1 | epoch 720 | step 75] loss=0.220292
[stage 1 | epoch 720 | step 100] loss=0.216232
Stage 1 Epoch 720 | L1=0.072071  PSNR↑=21.6993  SSIM↑=0.9035  MS-SSIM↑=0.9337  LPIPS↓=0.1442  time=24.2s
[FULL EVAL] stage=1 epoch=720 | PSNR↑=21.6993  SSIM↑=0.9035  MS-SSIM↑=0.9337  LPIPS↓=0.1442  NIQE↓=3.7276  UIQM↑=315.2487  UCIQE↑=inf
[stage 1 | epoch 721 | step 25] loss=0.222525
[stage 1 | epoch 721 | step 50] loss=0.215633
[stage 1 | epoch 721 | step 75] loss=0.211632
[stage 1 | epoch 721 | step 100] loss=0.212620
Stage 1 Epoch 721 | L1=0.072088  PSNR↑=21.7864  SSIM↑=0.9048  MS-SSIM↑=0.9361  LPIPS↓=0.1419  time=24.3s
[stage 1 | epoch 722 | step 25] loss=0.237485
[stage 1 | epoch 722 | step 50] loss=0.228424
[stage 1 | epoch 722 | step 75] loss=0.222643
[stage 1 | epoch 722 | step 100] loss=0.222595
Stage 1 Epoch 722 | L1=0.072404  PSNR↑=21.6818  SSIM↑=0.9032  MS-SSIM↑=0.9335  LPIPS↓=0.1442  time=23.9s
[stage 1 | epoch 723 | step 25] loss=0.218234
[stage 1 | epoch 723 | step 50] loss=0.209078
[stage 1 | epoch 723 | step 75] loss=0.214107
[stage 1 | epoch 723 | step 100] loss=0.215824
Stage 1 Epoch 723 | L1=0.074425  PSNR↑=21.3815  SSIM↑=0.9041  MS-SSIM↑=0.9332  LPIPS↓=0.1451  time=23.9s
[stage 1 | epoch 724 | step 25] loss=0.221390
[stage 1 | epoch 724 | step 50] loss=0.214718
[stage 1 | epoch 724 | step 75] loss=0.220093
[stage 1 | epoch 724 | step 100] loss=0.219540
Stage 1 Epoch 724 | L1=0.070834  PSNR↑=21.9233  SSIM↑=0.9062  MS-SSIM↑=0.9353  LPIPS↓=0.1421  time=24.3s
[stage 1 | epoch 725 | step 25] loss=0.211029
[stage 1 | epoch 725 | step 50] loss=0.210724
[stage 1 | epoch 725 | step 75] loss=0.213889
[stage 1 | epoch 725 | step 100] loss=0.216198
Stage 1 Epoch 725 | L1=0.072617  PSNR↑=21.6528  SSIM↑=0.9032  MS-SSIM↑=0.9341  LPIPS↓=0.1429  time=24.2s
[stage 1 | epoch 726 | step 25] loss=0.228942
[stage 1 | epoch 726 | step 50] loss=0.231013
[stage 1 | epoch 726 | step 75] loss=0.226794
[stage 1 | epoch 726 | step 100] loss=0.222292
Stage 1 Epoch 726 | L1=0.072097  PSNR↑=21.7342  SSIM↑=0.9044  MS-SSIM↑=0.9361  LPIPS↓=0.1426  time=23.8s
[stage 1 | epoch 727 | step 25] loss=0.230234
[stage 1 | epoch 727 | step 50] loss=0.230512
[stage 1 | epoch 727 | step 75] loss=0.230956
[stage 1 | epoch 727 | step 100] loss=0.228821
Stage 1 Epoch 727 | L1=0.073333  PSNR↑=21.5204  SSIM↑=0.9027  MS-SSIM↑=0.9322  LPIPS↓=0.1465  time=23.7s
[stage 1 | epoch 728 | step 25] loss=0.234463
[stage 1 | epoch 728 | step 50] loss=0.226479
[stage 1 | epoch 728 | step 75] loss=0.220266
[stage 1 | epoch 728 | step 100] loss=0.225947
Stage 1 Epoch 728 | L1=0.073457  PSNR↑=21.5351  SSIM↑=0.9017  MS-SSIM↑=0.9321  LPIPS↓=0.1456  time=23.8s
[stage 1 | epoch 729 | step 25] loss=0.222403
[stage 1 | epoch 729 | step 50] loss=0.228449
[stage 1 | epoch 729 | step 75] loss=0.229236
[stage 1 | epoch 729 | step 100] loss=0.225948
Stage 1 Epoch 729 | L1=0.073152  PSNR↑=21.5915  SSIM↑=0.9029  MS-SSIM↑=0.9327  LPIPS↓=0.1443  time=23.7s
[stage 1 | epoch 730 | step 25] loss=0.223172
[stage 1 | epoch 730 | step 50] loss=0.222246
[stage 1 | epoch 730 | step 75] loss=0.221578
[stage 1 | epoch 730 | step 100] loss=0.219052
Stage 1 Epoch 730 | L1=0.072537  PSNR↑=21.6771  SSIM↑=0.9022  MS-SSIM↑=0.9325  LPIPS↓=0.1439  time=34.4s
[stage 1 | epoch 731 | step 25] loss=0.223572
[stage 1 | epoch 731 | step 50] loss=0.209653
[stage 1 | epoch 731 | step 75] loss=0.209067
[stage 1 | epoch 731 | step 100] loss=0.210109
Stage 1 Epoch 731 | L1=0.071840  PSNR↑=21.7540  SSIM↑=0.9051  MS-SSIM↑=0.9345  LPIPS↓=0.1409  time=24.3s
[stage 1 | epoch 732 | step 25] loss=0.212483
[stage 1 | epoch 732 | step 50] loss=0.215466
[stage 1 | epoch 732 | step 75] loss=0.215304
[stage 1 | epoch 732 | step 100] loss=0.213392
Stage 1 Epoch 732 | L1=0.073126  PSNR↑=21.6334  SSIM↑=0.9016  MS-SSIM↑=0.9331  LPIPS↓=0.1446  time=33.2s
[stage 1 | epoch 733 | step 25] loss=0.219821
[stage 1 | epoch 733 | step 50] loss=0.210822
[stage 1 | epoch 733 | step 75] loss=0.211045
[stage 1 | epoch 733 | step 100] loss=0.212314
Stage 1 Epoch 733 | L1=0.072827  PSNR↑=21.7612  SSIM↑=0.9034  MS-SSIM↑=0.9351  LPIPS↓=0.1450  time=28.3s
[stage 1 | epoch 734 | step 25] loss=0.229340
[stage 1 | epoch 734 | step 50] loss=0.227351
[stage 1 | epoch 734 | step 75] loss=0.226687
[stage 1 | epoch 734 | step 100] loss=0.225676
Stage 1 Epoch 734 | L1=0.071702  PSNR↑=21.8250  SSIM↑=0.9037  MS-SSIM↑=0.9336  LPIPS↓=0.1437  time=24.1s
[stage 1 | epoch 735 | step 25] loss=0.234241
[stage 1 | epoch 735 | step 50] loss=0.224083
[stage 1 | epoch 735 | step 75] loss=0.220419
[stage 1 | epoch 735 | step 100] loss=0.220552
Stage 1 Epoch 735 | L1=0.071992  PSNR↑=21.8668  SSIM↑=0.9049  MS-SSIM↑=0.9372  LPIPS↓=0.1431  time=24.2s
[stage 1 | epoch 736 | step 25] loss=0.219417
[stage 1 | epoch 736 | step 50] loss=0.218817
[stage 1 | epoch 736 | step 75] loss=0.219685
[stage 1 | epoch 736 | step 100] loss=0.220841
Stage 1 Epoch 736 | L1=0.072066  PSNR↑=21.8049  SSIM↑=0.9029  MS-SSIM↑=0.9346  LPIPS↓=0.1421  time=23.9s
[stage 1 | epoch 737 | step 25] loss=0.223031
[stage 1 | epoch 737 | step 50] loss=0.223140
[stage 1 | epoch 737 | step 75] loss=0.224426
[stage 1 | epoch 737 | step 100] loss=0.225311
Stage 1 Epoch 737 | L1=0.072538  PSNR↑=21.7771  SSIM↑=0.9037  MS-SSIM↑=0.9353  LPIPS↓=0.1443  time=23.9s
[stage 1 | epoch 738 | step 25] loss=0.208744
[stage 1 | epoch 738 | step 50] loss=0.207714
[stage 1 | epoch 738 | step 75] loss=0.210923
[stage 1 | epoch 738 | step 100] loss=0.214441
Stage 1 Epoch 738 | L1=0.071579  PSNR↑=21.7710  SSIM↑=0.9077  MS-SSIM↑=0.9366  LPIPS↓=0.1440  time=23.8s
[stage 1 | epoch 739 | step 25] loss=0.219930
[stage 1 | epoch 739 | step 50] loss=0.220065
[stage 1 | epoch 739 | step 75] loss=0.225232
[stage 1 | epoch 739 | step 100] loss=0.225252
Stage 1 Epoch 739 | L1=0.072188  PSNR↑=21.8234  SSIM↑=0.9050  MS-SSIM↑=0.9342  LPIPS↓=0.1449  time=23.7s
[stage 1 | epoch 740 | step 25] loss=0.208583
[stage 1 | epoch 740 | step 50] loss=0.211868
[stage 1 | epoch 740 | step 75] loss=0.217968
[stage 1 | epoch 740 | step 100] loss=0.225897
Stage 1 Epoch 740 | L1=0.071935  PSNR↑=21.6761  SSIM↑=0.9025  MS-SSIM↑=0.9327  LPIPS↓=0.1436  time=24.0s
[FULL EVAL] stage=1 epoch=740 | PSNR↑=21.6761  SSIM↑=0.9025  MS-SSIM↑=0.9327  LPIPS↓=0.1436  NIQE↓=3.7270  UIQM↑=312.4797  UCIQE↑=inf
[stage 1 | epoch 741 | step 25] loss=0.226284
[stage 1 | epoch 741 | step 50] loss=0.226705
[stage 1 | epoch 741 | step 75] loss=0.223661
[stage 1 | epoch 741 | step 100] loss=0.226570
Stage 1 Epoch 741 | L1=0.074665  PSNR↑=21.4026  SSIM↑=0.8997  MS-SSIM↑=0.9302  LPIPS↓=0.1471  time=24.0s
[stage 1 | epoch 742 | step 25] loss=0.209100
[stage 1 | epoch 742 | step 50] loss=0.219981
[stage 1 | epoch 742 | step 75] loss=0.220814
[stage 1 | epoch 742 | step 100] loss=0.222590
Stage 1 Epoch 742 | L1=0.072577  PSNR↑=21.7122  SSIM↑=0.9048  MS-SSIM↑=0.9343  LPIPS↓=0.1444  time=23.7s
[stage 1 | epoch 743 | step 25] loss=0.227222
[stage 1 | epoch 743 | step 50] loss=0.223544
[stage 1 | epoch 743 | step 75] loss=0.226151
[stage 1 | epoch 743 | step 100] loss=0.222779
Stage 1 Epoch 743 | L1=0.073401  PSNR↑=21.5872  SSIM↑=0.9033  MS-SSIM↑=0.9335  LPIPS↓=0.1458  time=23.8s
[stage 1 | epoch 744 | step 25] loss=0.215538
[stage 1 | epoch 744 | step 50] loss=0.223645
[stage 1 | epoch 744 | step 75] loss=0.222312
[stage 1 | epoch 744 | step 100] loss=0.219596
Stage 1 Epoch 744 | L1=0.072185  PSNR↑=21.8118  SSIM↑=0.9045  MS-SSIM↑=0.9356  LPIPS↓=0.1452  time=23.8s
[stage 1 | epoch 745 | step 25] loss=0.204368
[stage 1 | epoch 745 | step 50] loss=0.206042
[stage 1 | epoch 745 | step 75] loss=0.205743
[stage 1 | epoch 745 | step 100] loss=0.213793
Stage 1 Epoch 745 | L1=0.072420  PSNR↑=21.6891  SSIM↑=0.9048  MS-SSIM↑=0.9343  LPIPS↓=0.1460  time=23.7s
[stage 1 | epoch 746 | step 25] loss=0.210272
[stage 1 | epoch 746 | step 50] loss=0.214312
[stage 1 | epoch 746 | step 75] loss=0.212323
[stage 1 | epoch 746 | step 100] loss=0.214699
Stage 1 Epoch 746 | L1=0.072820  PSNR↑=21.5774  SSIM↑=0.9031  MS-SSIM↑=0.9328  LPIPS↓=0.1450  time=24.0s
[stage 1 | epoch 747 | step 25] loss=0.210809
[stage 1 | epoch 747 | step 50] loss=0.219048
[stage 1 | epoch 747 | step 75] loss=0.216596
[stage 1 | epoch 747 | step 100] loss=0.217780
Stage 1 Epoch 747 | L1=0.072296  PSNR↑=21.7551  SSIM↑=0.9063  MS-SSIM↑=0.9368  LPIPS↓=0.1434  time=23.5s
[stage 1 | epoch 748 | step 25] loss=0.220202
[stage 1 | epoch 748 | step 50] loss=0.209514
[stage 1 | epoch 748 | step 75] loss=0.213688
[stage 1 | epoch 748 | step 100] loss=0.216768
Stage 1 Epoch 748 | L1=0.073107  PSNR↑=21.6600  SSIM↑=0.9029  MS-SSIM↑=0.9332  LPIPS↓=0.1455  time=23.8s
[stage 1 | epoch 749 | step 25] loss=0.218686
[stage 1 | epoch 749 | step 50] loss=0.215200
[stage 1 | epoch 749 | step 75] loss=0.218216
[stage 1 | epoch 749 | step 100] loss=0.215416
Stage 1 Epoch 749 | L1=0.073467  PSNR↑=21.5214  SSIM↑=0.9032  MS-SSIM↑=0.9358  LPIPS↓=0.1459  time=36.6s
[stage 1 | epoch 750 | step 25] loss=0.218678
[stage 1 | epoch 750 | step 50] loss=0.223152
[stage 1 | epoch 750 | step 75] loss=0.222408
[stage 1 | epoch 750 | step 100] loss=0.219596
Stage 1 Epoch 750 | L1=0.073111  PSNR↑=21.6885  SSIM↑=0.9051  MS-SSIM↑=0.9362  LPIPS↓=0.1439  time=23.6s
[stage 1 | epoch 751 | step 25] loss=0.231877
[stage 1 | epoch 751 | step 50] loss=0.223586
[stage 1 | epoch 751 | step 75] loss=0.221836
[stage 1 | epoch 751 | step 100] loss=0.223820
Stage 1 Epoch 751 | L1=0.073052  PSNR↑=21.5305  SSIM↑=0.9019  MS-SSIM↑=0.9327  LPIPS↓=0.1461  time=23.7s
[stage 1 | epoch 752 | step 25] loss=0.219276
[stage 1 | epoch 752 | step 50] loss=0.214684
[stage 1 | epoch 752 | step 75] loss=0.214089
[stage 1 | epoch 752 | step 100] loss=0.218141
Stage 1 Epoch 752 | L1=0.072565  PSNR↑=21.6626  SSIM↑=0.9046  MS-SSIM↑=0.9351  LPIPS↓=0.1451  time=23.7s
[stage 1 | epoch 753 | step 25] loss=0.228612
[stage 1 | epoch 753 | step 50] loss=0.217372
[stage 1 | epoch 753 | step 75] loss=0.215640
[stage 1 | epoch 753 | step 100] loss=0.220193
Stage 1 Epoch 753 | L1=0.072485  PSNR↑=21.6291  SSIM↑=0.9044  MS-SSIM↑=0.9339  LPIPS↓=0.1448  time=23.8s
[stage 1 | epoch 754 | step 25] loss=0.220657
[stage 1 | epoch 754 | step 50] loss=0.224245
[stage 1 | epoch 754 | step 75] loss=0.228851
[stage 1 | epoch 754 | step 100] loss=0.218797
Stage 1 Epoch 754 | L1=0.073563  PSNR↑=21.5737  SSIM↑=0.9053  MS-SSIM↑=0.9361  LPIPS↓=0.1438  time=23.5s
[stage 1 | epoch 755 | step 25] loss=0.215161
[stage 1 | epoch 755 | step 50] loss=0.230239
[stage 1 | epoch 755 | step 75] loss=0.222715
[stage 1 | epoch 755 | step 100] loss=0.219466
Stage 1 Epoch 755 | L1=0.071154  PSNR↑=21.8271  SSIM↑=0.9065  MS-SSIM↑=0.9349  LPIPS↓=0.1436  time=23.9s
[stage 1 | epoch 756 | step 25] loss=0.207255
[stage 1 | epoch 756 | step 50] loss=0.210102
[stage 1 | epoch 756 | step 75] loss=0.214716
[stage 1 | epoch 756 | step 100] loss=0.217097
Stage 1 Epoch 756 | L1=0.072157  PSNR↑=21.7410  SSIM↑=0.9044  MS-SSIM↑=0.9359  LPIPS↓=0.1438  time=24.0s
[stage 1 | epoch 757 | step 25] loss=0.223313
[stage 1 | epoch 757 | step 50] loss=0.217751
[stage 1 | epoch 757 | step 75] loss=0.217823
[stage 1 | epoch 757 | step 100] loss=0.215412
Stage 1 Epoch 757 | L1=0.071642  PSNR↑=21.7084  SSIM↑=0.9064  MS-SSIM↑=0.9354  LPIPS↓=0.1447  time=23.6s
[stage 1 | epoch 758 | step 25] loss=0.226885
[stage 1 | epoch 758 | step 50] loss=0.216671
[stage 1 | epoch 758 | step 75] loss=0.225994
[stage 1 | epoch 758 | step 100] loss=0.219427
Stage 1 Epoch 758 | L1=0.074870  PSNR↑=21.4022  SSIM↑=0.8993  MS-SSIM↑=0.9325  LPIPS↓=0.1486  time=23.7s
[stage 1 | epoch 759 | step 25] loss=0.218334
[stage 1 | epoch 759 | step 50] loss=0.217165
[stage 1 | epoch 759 | step 75] loss=0.215831
[stage 1 | epoch 759 | step 100] loss=0.212662
Stage 1 Epoch 759 | L1=0.073783  PSNR↑=21.5410  SSIM↑=0.8993  MS-SSIM↑=0.9334  LPIPS↓=0.1450  time=23.6s
[stage 1 | epoch 760 | step 25] loss=0.215555
[stage 1 | epoch 760 | step 50] loss=0.221134
[stage 1 | epoch 760 | step 75] loss=0.221495
[stage 1 | epoch 760 | step 100] loss=0.221462
Stage 1 Epoch 760 | L1=0.072874  PSNR↑=21.6267  SSIM↑=0.9021  MS-SSIM↑=0.9344  LPIPS↓=0.1445  time=23.7s
[FULL EVAL] stage=1 epoch=760 | PSNR↑=21.6267  SSIM↑=0.9021  MS-SSIM↑=0.9344  LPIPS↓=0.1445  NIQE↓=3.7078  UIQM↑=316.0427  UCIQE↑=inf
[stage 1 | epoch 761 | step 25] loss=0.201374
[stage 1 | epoch 761 | step 50] loss=0.207940
[stage 1 | epoch 761 | step 75] loss=0.210670
[stage 1 | epoch 761 | step 100] loss=0.213448
Stage 1 Epoch 761 | L1=0.072121  PSNR↑=21.8088  SSIM↑=0.9042  MS-SSIM↑=0.9367  LPIPS↓=0.1436  time=24.4s
[stage 1 | epoch 762 | step 25] loss=0.223403
[stage 1 | epoch 762 | step 50] loss=0.226047
[stage 1 | epoch 762 | step 75] loss=0.224103
[stage 1 | epoch 762 | step 100] loss=0.227761
Stage 1 Epoch 762 | L1=0.075102  PSNR↑=21.3971  SSIM↑=0.8996  MS-SSIM↑=0.9320  LPIPS↓=0.1485  time=23.7s
[stage 1 | epoch 763 | step 25] loss=0.214696
[stage 1 | epoch 763 | step 50] loss=0.228574
[stage 1 | epoch 763 | step 75] loss=0.221345
[stage 1 | epoch 763 | step 100] loss=0.217307
Stage 1 Epoch 763 | L1=0.072492  PSNR↑=21.6945  SSIM↑=0.9037  MS-SSIM↑=0.9356  LPIPS↓=0.1448  time=24.3s
[stage 1 | epoch 764 | step 25] loss=0.200325
[stage 1 | epoch 764 | step 50] loss=0.212433
[stage 1 | epoch 764 | step 75] loss=0.216080
[stage 1 | epoch 764 | step 100] loss=0.217891
Stage 1 Epoch 764 | L1=0.072755  PSNR↑=21.6030  SSIM↑=0.9025  MS-SSIM↑=0.9327  LPIPS↓=0.1466  time=36.8s
[stage 1 | epoch 765 | step 25] loss=0.215754
[stage 1 | epoch 765 | step 50] loss=0.209997
[stage 1 | epoch 765 | step 75] loss=0.215449
[stage 1 | epoch 765 | step 100] loss=0.214508
Stage 1 Epoch 765 | L1=0.073200  PSNR↑=21.5639  SSIM↑=0.9039  MS-SSIM↑=0.9350  LPIPS↓=0.1470  time=23.8s
[stage 1 | epoch 766 | step 25] loss=0.225817
[stage 1 | epoch 766 | step 50] loss=0.215678
[stage 1 | epoch 766 | step 75] loss=0.213001
[stage 1 | epoch 766 | step 100] loss=0.210095
Stage 1 Epoch 766 | L1=0.073870  PSNR↑=21.5663  SSIM↑=0.9027  MS-SSIM↑=0.9333  LPIPS↓=0.1466  time=23.9s
[stage 1 | epoch 767 | step 25] loss=0.231510
[stage 1 | epoch 767 | step 50] loss=0.223574
[stage 1 | epoch 767 | step 75] loss=0.217424
[stage 1 | epoch 767 | step 100] loss=0.218731
Stage 1 Epoch 767 | L1=0.073078  PSNR↑=21.6703  SSIM↑=0.9026  MS-SSIM↑=0.9337  LPIPS↓=0.1458  time=23.8s
[stage 1 | epoch 768 | step 25] loss=0.228405
[stage 1 | epoch 768 | step 50] loss=0.225106
[stage 1 | epoch 768 | step 75] loss=0.219281
[stage 1 | epoch 768 | step 100] loss=0.221200
Stage 1 Epoch 768 | L1=0.074136  PSNR↑=21.4591  SSIM↑=0.8977  MS-SSIM↑=0.9326  LPIPS↓=0.1489  time=23.8s
[stage 1 | epoch 769 | step 25] loss=0.207322
[stage 1 | epoch 769 | step 50] loss=0.208601
[stage 1 | epoch 769 | step 75] loss=0.213190
[stage 1 | epoch 769 | step 100] loss=0.212227
Stage 1 Epoch 769 | L1=0.073581  PSNR↑=21.5835  SSIM↑=0.9025  MS-SSIM↑=0.9356  LPIPS↓=0.1457  time=24.3s
[stage 1 | epoch 770 | step 25] loss=0.218598
[stage 1 | epoch 770 | step 50] loss=0.222858
[stage 1 | epoch 770 | step 75] loss=0.221771
[stage 1 | epoch 770 | step 100] loss=0.221176
Stage 1 Epoch 770 | L1=0.072691  PSNR↑=21.6290  SSIM↑=0.9054  MS-SSIM↑=0.9350  LPIPS↓=0.1445  time=24.7s
[stage 1 | epoch 771 | step 25] loss=0.218472
[stage 1 | epoch 771 | step 50] loss=0.219073
[stage 1 | epoch 771 | step 75] loss=0.215007
[stage 1 | epoch 771 | step 100] loss=0.214103
Stage 1 Epoch 771 | L1=0.073070  PSNR↑=21.6009  SSIM↑=0.9040  MS-SSIM↑=0.9363  LPIPS↓=0.1458  time=24.0s
[stage 1 | epoch 772 | step 25] loss=0.232475
[stage 1 | epoch 772 | step 50] loss=0.230438
[stage 1 | epoch 772 | step 75] loss=0.227848
[stage 1 | epoch 772 | step 100] loss=0.223621
Stage 1 Epoch 772 | L1=0.072183  PSNR↑=21.7005  SSIM↑=0.9056  MS-SSIM↑=0.9356  LPIPS↓=0.1436  time=24.4s
[stage 1 | epoch 773 | step 25] loss=0.223532
[stage 1 | epoch 773 | step 50] loss=0.217662
[stage 1 | epoch 773 | step 75] loss=0.222198
[stage 1 | epoch 773 | step 100] loss=0.217502
Stage 1 Epoch 773 | L1=0.071548  PSNR↑=21.9020  SSIM↑=0.9077  MS-SSIM↑=0.9388  LPIPS↓=0.1419  time=24.3s
[stage 1 | epoch 774 | step 25] loss=0.224844
[stage 1 | epoch 774 | step 50] loss=0.218297
[stage 1 | epoch 774 | step 75] loss=0.220854
[stage 1 | epoch 774 | step 100] loss=0.222448
Stage 1 Epoch 774 | L1=0.072539  PSNR↑=21.6365  SSIM↑=0.9015  MS-SSIM↑=0.9340  LPIPS↓=0.1461  time=24.3s
[stage 1 | epoch 775 | step 25] loss=0.211994
[stage 1 | epoch 775 | step 50] loss=0.212904
[stage 1 | epoch 775 | step 75] loss=0.210864
[stage 1 | epoch 775 | step 100] loss=0.211854
Stage 1 Epoch 775 | L1=0.071550  PSNR↑=21.8123  SSIM↑=0.9048  MS-SSIM↑=0.9358  LPIPS↓=0.1427  time=24.1s
[stage 1 | epoch 776 | step 25] loss=0.220778
[stage 1 | epoch 776 | step 50] loss=0.220213
[stage 1 | epoch 776 | step 75] loss=0.217662
[stage 1 | epoch 776 | step 100] loss=0.222798
Stage 1 Epoch 776 | L1=0.072580  PSNR↑=21.6463  SSIM↑=0.9041  MS-SSIM↑=0.9347  LPIPS↓=0.1463  time=24.4s
[stage 1 | epoch 777 | step 25] loss=0.224970
[stage 1 | epoch 777 | step 50] loss=0.216870
[stage 1 | epoch 777 | step 75] loss=0.215768
[stage 1 | epoch 777 | step 100] loss=0.216597
Stage 1 Epoch 777 | L1=0.071000  PSNR↑=21.8536  SSIM↑=0.9076  MS-SSIM↑=0.9373  LPIPS↓=0.1437  time=24.0s
[stage 1 | epoch 778 | step 25] loss=0.224496
[stage 1 | epoch 778 | step 50] loss=0.229164
[stage 1 | epoch 778 | step 75] loss=0.223451
[stage 1 | epoch 778 | step 100] loss=0.222406
Stage 1 Epoch 778 | L1=0.073658  PSNR↑=21.4702  SSIM↑=0.9020  MS-SSIM↑=0.9318  LPIPS↓=0.1485  time=24.0s
[stage 1 | epoch 779 | step 25] loss=0.244937
[stage 1 | epoch 779 | step 50] loss=0.222102
[stage 1 | epoch 779 | step 75] loss=0.224689
[stage 1 | epoch 779 | step 100] loss=0.220414
Stage 1 Epoch 779 | L1=0.072485  PSNR↑=21.6544  SSIM↑=0.9033  MS-SSIM↑=0.9338  LPIPS↓=0.1451  time=24.0s
[stage 1 | epoch 780 | step 25] loss=0.235110
[stage 1 | epoch 780 | step 50] loss=0.222398
[stage 1 | epoch 780 | step 75] loss=0.215504
[stage 1 | epoch 780 | step 100] loss=0.214070
Stage 1 Epoch 780 | L1=0.072004  PSNR↑=21.7349  SSIM↑=0.9052  MS-SSIM↑=0.9363  LPIPS↓=0.1442  time=23.9s
[FULL EVAL] stage=1 epoch=780 | PSNR↑=21.7349  SSIM↑=0.9052  MS-SSIM↑=0.9363  LPIPS↓=0.1442  NIQE↓=3.7080  UIQM↑=323.4954  UCIQE↑=inf
[stage 1 | epoch 781 | step 25] loss=0.213487
[stage 1 | epoch 781 | step 50] loss=0.216270
[stage 1 | epoch 781 | step 75] loss=0.222734
[stage 1 | epoch 781 | step 100] loss=0.225632
Stage 1 Epoch 781 | L1=0.072720  PSNR↑=21.6067  SSIM↑=0.9028  MS-SSIM↑=0.9331  LPIPS↓=0.1451  time=24.8s
[stage 1 | epoch 782 | step 25] loss=0.222731
[stage 1 | epoch 782 | step 50] loss=0.224184
[stage 1 | epoch 782 | step 75] loss=0.222953
[stage 1 | epoch 782 | step 100] loss=0.225622
Stage 1 Epoch 782 | L1=0.073577  PSNR↑=21.4794  SSIM↑=0.9023  MS-SSIM↑=0.9325  LPIPS↓=0.1455  time=27.1s
[stage 1 | epoch 783 | step 25] loss=0.212367
[stage 1 | epoch 783 | step 50] loss=0.217261
[stage 1 | epoch 783 | step 75] loss=0.219518
[stage 1 | epoch 783 | step 100] loss=0.220919
Stage 1 Epoch 783 | L1=0.071994  PSNR↑=21.7525  SSIM↑=0.9031  MS-SSIM↑=0.9351  LPIPS↓=0.1454  time=24.1s
[stage 1 | epoch 784 | step 25] loss=0.209211
[stage 1 | epoch 784 | step 50] loss=0.230362
[stage 1 | epoch 784 | step 75] loss=0.229870
[stage 1 | epoch 784 | step 100] loss=0.230723
Stage 1 Epoch 784 | L1=0.075445  PSNR↑=21.3087  SSIM↑=0.8977  MS-SSIM↑=0.9288  LPIPS↓=0.1475  time=24.1s
[stage 1 | epoch 785 | step 25] loss=0.208571
[stage 1 | epoch 785 | step 50] loss=0.208737
[stage 1 | epoch 785 | step 75] loss=0.213265
[stage 1 | epoch 785 | step 100] loss=0.216990
Stage 1 Epoch 785 | L1=0.073430  PSNR↑=21.5692  SSIM↑=0.9017  MS-SSIM↑=0.9338  LPIPS↓=0.1465  time=24.2s
[stage 1 | epoch 786 | step 25] loss=0.220331
[stage 1 | epoch 786 | step 50] loss=0.217311
[stage 1 | epoch 786 | step 75] loss=0.217016
[stage 1 | epoch 786 | step 100] loss=0.221308
Stage 1 Epoch 786 | L1=0.072682  PSNR↑=21.7354  SSIM↑=0.9046  MS-SSIM↑=0.9336  LPIPS↓=0.1450  time=24.1s
[stage 1 | epoch 787 | step 25] loss=0.218456
[stage 1 | epoch 787 | step 50] loss=0.225194
[stage 1 | epoch 787 | step 75] loss=0.227198
[stage 1 | epoch 787 | step 100] loss=0.229207
Stage 1 Epoch 787 | L1=0.074259  PSNR↑=21.3909  SSIM↑=0.8999  MS-SSIM↑=0.9306  LPIPS↓=0.1459  time=24.1s
[stage 1 | epoch 788 | step 25] loss=0.233406
[stage 1 | epoch 788 | step 50] loss=0.223830
[stage 1 | epoch 788 | step 75] loss=0.223811
[stage 1 | epoch 788 | step 100] loss=0.221205
Stage 1 Epoch 788 | L1=0.074424  PSNR↑=21.4661  SSIM↑=0.8998  MS-SSIM↑=0.9308  LPIPS↓=0.1480  time=24.2s
[stage 1 | epoch 789 | step 25] loss=0.222071
[stage 1 | epoch 789 | step 50] loss=0.215204
[stage 1 | epoch 789 | step 75] loss=0.213977
[stage 1 | epoch 789 | step 100] loss=0.214938
Stage 1 Epoch 789 | L1=0.072858  PSNR↑=21.6720  SSIM↑=0.9040  MS-SSIM↑=0.9343  LPIPS↓=0.1438  time=24.3s
[stage 1 | epoch 790 | step 25] loss=0.224863
[stage 1 | epoch 790 | step 50] loss=0.214103
[stage 1 | epoch 790 | step 75] loss=0.219991
[stage 1 | epoch 790 | step 100] loss=0.216842
Stage 1 Epoch 790 | L1=0.072863  PSNR↑=21.6973  SSIM↑=0.9036  MS-SSIM↑=0.9348  LPIPS↓=0.1448  time=24.1s
[stage 1 | epoch 791 | step 25] loss=0.220628
[stage 1 | epoch 791 | step 50] loss=0.229413
[stage 1 | epoch 791 | step 75] loss=0.223960
[stage 1 | epoch 791 | step 100] loss=0.222044
Stage 1 Epoch 791 | L1=0.072265  PSNR↑=21.7745  SSIM↑=0.9051  MS-SSIM↑=0.9372  LPIPS↓=0.1450  time=23.9s
[stage 1 | epoch 792 | step 25] loss=0.214148
[stage 1 | epoch 792 | step 50] loss=0.220333
[stage 1 | epoch 792 | step 75] loss=0.210469
[stage 1 | epoch 792 | step 100] loss=0.212233
Stage 1 Epoch 792 | L1=0.071051  PSNR↑=21.8580  SSIM↑=0.9055  MS-SSIM↑=0.9361  LPIPS↓=0.1430  time=23.9s
[stage 1 | epoch 793 | step 25] loss=0.213687
[stage 1 | epoch 793 | step 50] loss=0.212483
[stage 1 | epoch 793 | step 75] loss=0.215400
[stage 1 | epoch 793 | step 100] loss=0.216442
Stage 1 Epoch 793 | L1=0.073444  PSNR↑=21.5421  SSIM↑=0.9017  MS-SSIM↑=0.9330  LPIPS↓=0.1464  time=24.3s
[stage 1 | epoch 794 | step 25] loss=0.209586
[stage 1 | epoch 794 | step 50] loss=0.218340
[stage 1 | epoch 794 | step 75] loss=0.221884
[stage 1 | epoch 794 | step 100] loss=0.220670
Stage 1 Epoch 794 | L1=0.073782  PSNR↑=21.5803  SSIM↑=0.9021  MS-SSIM↑=0.9351  LPIPS↓=0.1446  time=24.2s
[stage 1 | epoch 795 | step 25] loss=0.210402
[stage 1 | epoch 795 | step 50] loss=0.221998
[stage 1 | epoch 795 | step 75] loss=0.219989
[stage 1 | epoch 795 | step 100] loss=0.219348
Stage 1 Epoch 795 | L1=0.072569  PSNR↑=21.7484  SSIM↑=0.9024  MS-SSIM↑=0.9337  LPIPS↓=0.1452  time=24.1s
[stage 1 | epoch 796 | step 25] loss=0.214795
[stage 1 | epoch 796 | step 50] loss=0.217720
[stage 1 | epoch 796 | step 75] loss=0.217993
[stage 1 | epoch 796 | step 100] loss=0.222266
Stage 1 Epoch 796 | L1=0.072958  PSNR↑=21.5384  SSIM↑=0.9016  MS-SSIM↑=0.9326  LPIPS↓=0.1456  time=24.3s
[stage 1 | epoch 797 | step 25] loss=0.218905
[stage 1 | epoch 797 | step 50] loss=0.226242
[stage 1 | epoch 797 | step 75] loss=0.229091
[stage 1 | epoch 797 | step 100] loss=0.228606
Stage 1 Epoch 797 | L1=0.073173  PSNR↑=21.5594  SSIM↑=0.9019  MS-SSIM↑=0.9324  LPIPS↓=0.1454  time=24.5s
[stage 1 | epoch 798 | step 25] loss=0.220390
[stage 1 | epoch 798 | step 50] loss=0.217654
[stage 1 | epoch 798 | step 75] loss=0.215131
[stage 1 | epoch 798 | step 100] loss=0.216155
Stage 1 Epoch 798 | L1=0.072579  PSNR↑=21.6055  SSIM↑=0.9018  MS-SSIM↑=0.9326  LPIPS↓=0.1464  time=33.4s
[stage 1 | epoch 799 | step 25] loss=0.222099
[stage 1 | epoch 799 | step 50] loss=0.220222
[stage 1 | epoch 799 | step 75] loss=0.222036
[stage 1 | epoch 799 | step 100] loss=0.218623
Stage 1 Epoch 799 | L1=0.072121  PSNR↑=21.6401  SSIM↑=0.9032  MS-SSIM↑=0.9337  LPIPS↓=0.1454  time=33.5s
[stage 1 | epoch 800 | step 25] loss=0.215029
[stage 1 | epoch 800 | step 50] loss=0.219063
[stage 1 | epoch 800 | step 75] loss=0.224159
[stage 1 | epoch 800 | step 100] loss=0.221079
Stage 1 Epoch 800 | L1=0.073241  PSNR↑=21.5765  SSIM↑=0.9023  MS-SSIM↑=0.9323  LPIPS↓=0.1462  time=23.7s
[FULL EVAL] stage=1 epoch=800 | PSNR↑=21.5765  SSIM↑=0.9023  MS-SSIM↑=0.9323  LPIPS↓=0.1462  NIQE↓=3.7177  UIQM↑=312.9622  UCIQE↑=inf
[FINAL GLOBAL BEST] | PSNR↑=22.0510  SSIM↑=0.9054  MS-SSIM↑=0.9358  LPIPS↓=0.1434  NIQE↓=3.7242  UIQM↑=323.3365  UCIQE↑=inf

Done.
Best model: checkpoints/global_best.pt

Training command exited normally.
